0, 14, (0, 1), "count = ", 1
0, 70, (0, 1), "count = ", 2
1, 135, (0, 1), "count = ", 3
2, 70, (0, 1), "count = ", 4
2, 85, (0, 1), "count = ", 5
3, 6, (0, 1), "count = ", 6
3, 13, (0, 1), "count = ", 7
3, 80, (0, 1), "count = ", 8
4, 106, (0, 1), "count = ", 9
5, 13, (0, 1), "count = ", 10
5, 119, (0, 1), "count = ", 11
6, 1, (0, 1), "count = ", 12
6, 8, (0, 1), "count = ", 13
6, 15, (0, 1), "count = ", 14
6, 128, (0, 1), "count = ", 15
7, 33, (0, 1), "count = ", 16
7, 75, (0, 1), "count = ", 17
7, 130, (0, 1), "count = ", 18
8, 47, (0, 1), "count = ", 19
8, 57, (0, 1), "count = ", 20
8, 76, (0, 1), "count = ", 21
9, 55, (0, 1), "count = ", 22
10, 40, (0, 1), "count = ", 23
10, 53, (0, 1), "count = ", 24
11, 67, (0, 1), "count = ", 25
12, 50, (0, 1), "count = ", 26
12, 99, (0, 1), "count = ", 27
13, 7, (0, 1), "count = ", 28
14, 46, (0, 1), "count = ", 29
15, 1, (0, 1), "count = ", 30
15, 28, (0, 1), "count = ", 31
16, 37, (0, 1), "count = ", 32
16, 92, (0, 1), "count = ", 33
17, 1, (0, 1), "count = ", 34
18, 69, (0, 1), "count = ", 35
18, 83, (0, 1), "count = ", 36
18, 107, (0, 1), "count = ", 37
19, 1, (0, 1), "count = ", 38
19, 127, (0, 1), "count = ", 39
19, 137, (0, 1), "count = ", 40
22, 119, (0, 1), "count = ", 41
23, 107, (0, 1), "count = ", 42
24, 35, (0, 1), "count = ", 43
25, 7, (0, 1), "count = ", 44
26, 78, (0, 1), "count = ", 45
27, 3, (0, 1), "count = ", 46
28, 74, (0, 1), "count = ", 47
30, 38, (0, 1), "count = ", 48
30, 124, (0, 1), "count = ", 49
31, 44, (0, 1), "count = ", 50
32, 7, (0, 1), "count = ", 51
32, 98, (0, 1), "count = ", 52
34, 77, (0, 1), "count = ", 53
34, 137, (0, 1), "count = ", 54
35, 29, (0, 1), "count = ", 55
36, 91, (0, 1), "count = ", 56
37, 135, (0, 1), "count = ", 57
38, 133, (0, 1), "count = ", 58
39, 65, (0, 1), "count = ", 59
39, 74, (0, 1), "count = ", 60
39, 135, (0, 1), "count = ", 61
40, 27, (0, 1), "count = ", 62
40, 103, (0, 1), "count = ", 63
40, 114, (0, 1), "count = ", 64
42, 87, (0, 1), "count = ", 65
43, 7, (0, 1), "count = ", 66
43, 11, (0, 1), "count = ", 67
43, 46, (0, 1), "count = ", 68
44, 87, (0, 1), "count = ", 69
45, 9, (0, 1), "count = ", 70
45, 13, (0, 1), "count = ", 71
45, 97, (0, 1), "count = ", 72
46, 3, (0, 1), "count = ", 73
46, 39, (0, 1), "count = ", 74
46, 103, (0, 1), "count = ", 75
47, 29, (0, 1), "count = ", 76
47, 65, (0, 1), "count = ", 77
48, 35, (0, 1), "count = ", 78
48, 41, (0, 1), "count = ", 79
49, 4, (0, 1), "count = ", 80
49, 95, (0, 1), "count = ", 81
50, 2, (0, 1), "count = ", 82
50, 132, (0, 1), "count = ", 83
51, 79, (0, 1), "count = ", 84
51, 83, (0, 1), "count = ", 85
51, 104, (0, 1), "count = ", 86
53, 39, (0, 1), "count = ", 87
54, 8, (0, 1), "count = ", 88
54, 133, (0, 1), "count = ", 89
55, 24, (0, 1), "count = ", 90
55, 31, (0, 1), "count = ", 91
55, 45, (0, 1), "count = ", 92
55, 135, (0, 1), "count = ", 93
56, 80, (0, 1), "count = ", 94
56, 103, (0, 1), "count = ", 95
56, 137, (0, 1), "count = ", 96
57, 80, (0, 1), "count = ", 97
58, 77, (0, 1), "count = ", 98
58, 86, (0, 1), "count = ", 99
59, 7, (0, 1), "count = ", 100
60, 137, (0, 1), "count = ", 101
62, 107, (0, 1), "count = ", 102
62, 137, (0, 1), "count = ", 103
63, 23, (0, 1), "count = ", 104
63, 31, (0, 1), "count = ", 105
63, 69, (0, 1), "count = ", 106
63, 125, (0, 1), "count = ", 107
63, 133, (0, 1), "count = ", 108
65, 7, (0, 1), "count = ", 109
65, 35, (0, 1), "count = ", 110
65, 137, (0, 1), "count = ", 111
66, 52, (0, 1), "count = ", 112
66, 94, (0, 1), "count = ", 113
67, 35, (0, 1), "count = ", 114
67, 137, (0, 1), "count = ", 115
68, 72, (0, 1), "count = ", 116
69, 9, (0, 1), "count = ", 117
70, 137, (0, 1), "count = ", 118
71, 137, (0, 1), "count = ", 119
72, 53, (0, 1), "count = ", 120
72, 71, (0, 1), "count = ", 121
72, 100, (0, 1), "count = ", 122
73, 23, (0, 1), "count = ", 123
74, 77, (0, 1), "count = ", 124
75, 8, (0, 1), "count = ", 125
77, 15, (0, 1), "count = ", 126
77, 91, (0, 1), "count = ", 127
78, 15, (0, 1), "count = ", 128
78, 46, (0, 1), "count = ", 129
78, 132, (0, 1), "count = ", 130
79, 19, (0, 1), "count = ", 131
79, 128, (0, 1), "count = ", 132
80, 42, (0, 1), "count = ", 133
80, 77, (0, 1), "count = ", 134
81, 27, (0, 1), "count = ", 135
81, 34, (0, 1), "count = ", 136
81, 47, (0, 1), "count = ", 137
81, 91, (0, 1), "count = ", 138
82, 2, (0, 1), "count = ", 139
82, 45, (0, 1), "count = ", 140
82, 97, (0, 1), "count = ", 141
84, 23, (0, 1), "count = ", 142
84, 46, (0, 1), "count = ", 143
85, 5, (0, 1), "count = ", 144
86, 31, (0, 1), "count = ", 145
87, 62, (0, 1), "count = ", 146
88, 23, (0, 1), "count = ", 147
88, 82, (0, 1), "count = ", 148
89, 85, (0, 1), "count = ", 149
90, 20, (0, 1), "count = ", 150
90, 30, (0, 1), "count = ", 151
92, 13, (0, 1), "count = ", 152
92, 17, (0, 1), "count = ", 153
92, 36, (0, 1), "count = ", 154
92, 94, (0, 1), "count = ", 155
93, 30, (0, 1), "count = ", 156
95, 19, (0, 1), "count = ", 157
95, 66, (0, 1), "count = ", 158
95, 81, (0, 1), "count = ", 159
96, 12, (0, 1), "count = ", 160
99, 30, (0, 1), "count = ", 161
99, 82, (0, 1), "count = ", 162
101, 24, (0, 1), "count = ", 163
101, 28, (0, 1), "count = ", 164
103, 28, (0, 1), "count = ", 165
103, 75, (0, 1), "count = ", 166
104, 6, (0, 1), "count = ", 167
104, 89, (0, 1), "count = ", 168
107, 46, (0, 1), "count = ", 169
107, 75, (0, 1), "count = ", 170
109, 81, (0, 1), "count = ", 171
109, 87, (0, 1), "count = ", 172
109, 98, (0, 1), "count = ", 173
109, 112, (0, 1), "count = ", 174
110, 124, (0, 1), "count = ", 175
111, 3, (0, 1), "count = ", 176
111, 85, (0, 1), "count = ", 177
111, 122, (0, 1), "count = ", 178
112, 19, (0, 1), "count = ", 179
112, 56, (0, 1), "count = ", 180
113, 85, (0, 1), "count = ", 181
115, 50, (0, 1), "count = ", 182
115, 99, (0, 1), "count = ", 183
117, 37, (0, 1), "count = ", 184
117, 58, (0, 1), "count = ", 185
118, 51, (0, 1), "count = ", 186
118, 76, (0, 1), "count = ", 187
119, 51, (0, 1), "count = ", 188
120, 103, (0, 1), "count = ", 189
121, 2, (0, 1), "count = ", 190
121, 111, (0, 1), "count = ", 191
121, 123, (0, 1), "count = ", 192
122, 18, (0, 1), "count = ", 193
123, 2, (0, 1), "count = ", 194
123, 61, (0, 1), "count = ", 195
124, 29, (0, 1), "count = ", 196
124, 59, (0, 1), "count = ", 197
124, 84, (0, 1), "count = ", 198
125, 16, (0, 1), "count = ", 199
125, 48, (0, 1), "count = ", 200
125, 57, (0, 1), "count = ", 201
125, 73, (0, 1), "count = ", 202
126, 69, (0, 1), "count = ", 203
126, 82, (0, 1), "count = ", 204
127, 16, (0, 1), "count = ", 205
127, 69, (0, 1), "count = ", 206
128, 16, (0, 1), "count = ", 207
128, 24, (0, 1), "count = ", 208
128, 75, (0, 1), "count = ", 209
128, 105, (0, 1), "count = ", 210
129, 16, (0, 1), "count = ", 211
130, 20, (0, 1), "count = ", 212
130, 92, (0, 1), "count = ", 213
130, 126, (0, 1), "count = ", 214
130, 134, (0, 1), "count = ", 215
132, 28, (0, 1), "count = ", 216
132, 131, (0, 1), "count = ", 217
134, 96, (0, 1), "count = ", 218
135, 134, (0, 1), "count = ", 219
136, 32, (0, 1), "count = ", 220
137, 87, (0, 1), "count = ", 221
139, 6, (0, 1), "count = ", 222
139, 57, (0, 1), "count = ", 223
139, 102, (0, 1), "count = ", 224
139, 134, (0, 1), "count = ", 225
0, 24, (0, -1), "count = ", 226
0, 53, (0, -1), "count = ", 227
0, 62, (0, -1), "count = ", 228
0, 133, (0, -1), "count = ", 229
1, 40, (0, -1), "count = ", 230
1, 50, (0, -1), "count = ", 231
1, 89, (0, -1), "count = ", 232
1, 133, (0, -1), "count = ", 233
2, 117, (0, -1), "count = ", 234
5, 36, (0, -1), "count = ", 235
7, 30, (0, -1), "count = ", 236
7, 71, (0, -1), "count = ", 237
8, 29, (0, -1), "count = ", 238
8, 86, (0, -1), "count = ", 239
9, 51, (0, -1), "count = ", 240
11, 56, (0, -1), "count = ", 241
13, 69, (0, -1), "count = ", 242
14, 27, (0, -1), "count = ", 243
14, 69, (0, -1), "count = ", 244
15, 50, (0, -1), "count = ", 245
15, 54, (0, -1), "count = ", 246
17, 126, (0, -1), "count = ", 247
18, 16, (0, -1), "count = ", 248
18, 113, (0, -1), "count = ", 249
19, 13, (0, -1), "count = ", 250
19, 120, (0, -1), "count = ", 251
19, 126, (0, -1), "count = ", 252
20, 78, (0, -1), "count = ", 253
20, 89, (0, -1), "count = ", 254
21, 120, (0, -1), "count = ", 255
22, 67, (0, -1), "count = ", 256
22, 74, (0, -1), "count = ", 257
23, 45, (0, -1), "count = ", 258
24, 21, (0, -1), "count = ", 259
25, 113, (0, -1), "count = ", 260
27, 78, (0, -1), "count = ", 261
27, 128, (0, -1), "count = ", 262
28, 13, (0, -1), "count = ", 263
28, 83, (0, -1), "count = ", 264
30, 44, (0, -1), "count = ", 265
30, 50, (0, -1), "count = ", 266
31, 44, (0, -1), "count = ", 267
31, 77, (0, -1), "count = ", 268
31, 111, (0, -1), "count = ", 269
32, 38, (0, -1), "count = ", 270
32, 42, (0, -1), "count = ", 271
32, 97, (0, -1), "count = ", 272
33, 35, (0, -1), "count = ", 273
33, 122, (0, -1), "count = ", 274
34, 102, (0, -1), "count = ", 275
36, 20, (0, -1), "count = ", 276
36, 91, (0, -1), "count = ", 277
36, 109, (0, -1), "count = ", 278
37, 37, (0, -1), "count = ", 279
38, 84, (0, -1), "count = ", 280
38, 101, (0, -1), "count = ", 281
40, 69, (0, -1), "count = ", 282
41, 93, (0, -1), "count = ", 283
42, 49, (0, -1), "count = ", 284
42, 134, (0, -1), "count = ", 285
43, 19, (0, -1), "count = ", 286
43, 58, (0, -1), "count = ", 287
43, 134, (0, -1), "count = ", 288
45, 71, (0, -1), "count = ", 289
45, 91, (0, -1), "count = ", 290
45, 107, (0, -1), "count = ", 291
46, 79, (0, -1), "count = ", 292
46, 140, (0, -1), "count = ", 293
47, 57, (0, -1), "count = ", 294
47, 81, (0, -1), "count = ", 295
47, 138, (0, -1), "count = ", 296
48, 17, (0, -1), "count = ", 297
48, 111, (0, -1), "count = ", 298
48, 127, (0, -1), "count = ", 299
49, 101, (0, -1), "count = ", 300
50, 8, (0, -1), "count = ", 301
50, 17, (0, -1), "count = ", 302
50, 37, (0, -1), "count = ", 303
50, 138, (0, -1), "count = ", 304
51, 138, (0, -1), "count = ", 305
52, 59, (0, -1), "count = ", 306
52, 127, (0, -1), "count = ", 307
54, 33, (0, -1), "count = ", 308
54, 45, (0, -1), "count = ", 309
54, 110, (0, -1), "count = ", 310
55, 37, (0, -1), "count = ", 311
55, 53, (0, -1), "count = ", 312
55, 76, (0, -1), "count = ", 313
56, 45, (0, -1), "count = ", 314
56, 66, (0, -1), "count = ", 315
56, 109, (0, -1), "count = ", 316
56, 121, (0, -1), "count = ", 317
57, 5, (0, -1), "count = ", 318
57, 86, (0, -1), "count = ", 319
57, 107, (0, -1), "count = ", 320
59, 7, (0, -1), "count = ", 321
59, 26, (0, -1), "count = ", 322
61, 67, (0, -1), "count = ", 323
62, 5, (0, -1), "count = ", 324
62, 91, (0, -1), "count = ", 325
62, 129, (0, -1), "count = ", 326
63, 17, (0, -1), "count = ", 327
63, 125, (0, -1), "count = ", 328
64, 86, (0, -1), "count = ", 329
65, 25, (0, -1), "count = ", 330
66, 43, (0, -1), "count = ", 331
66, 62, (0, -1), "count = ", 332
66, 100, (0, -1), "count = ", 333
67, 34, (0, -1), "count = ", 334
67, 133, (0, -1), "count = ", 335
69, 5, (0, -1), "count = ", 336
69, 27, (0, -1), "count = ", 337
70, 27, (0, -1), "count = ", 338
70, 39, (0, -1), "count = ", 339
70, 54, (0, -1), "count = ", 340
71, 101, (0, -1), "count = ", 341
74, 120, (0, -1), "count = ", 342
75, 16, (0, -1), "count = ", 343
76, 16, (0, -1), "count = ", 344
76, 91, (0, -1), "count = ", 345
76, 118, (0, -1), "count = ", 346
78, 60, (0, -1), "count = ", 347
78, 111, (0, -1), "count = ", 348
79, 124, (0, -1), "count = ", 349
81, 21, (0, -1), "count = ", 350
82, 84, (0, -1), "count = ", 351
83, 42, (0, -1), "count = ", 352
83, 59, (0, -1), "count = ", 353
83, 93, (0, -1), "count = ", 354
84, 42, (0, -1), "count = ", 355
84, 82, (0, -1), "count = ", 356
84, 95, (0, -1), "count = ", 357
85, 11, (0, -1), "count = ", 358
86, 83, (0, -1), "count = ", 359
86, 125, (0, -1), "count = ", 360
87, 75, (0, -1), "count = ", 361
87, 128, (0, -1), "count = ", 362
88, 80, (0, -1), "count = ", 363
91, 13, (0, -1), "count = ", 364
91, 32, (0, -1), "count = ", 365
91, 36, (0, -1), "count = ", 366
93, 4, (0, -1), "count = ", 367
95, 4, (0, -1), "count = ", 368
95, 55, (0, -1), "count = ", 369
95, 130, (0, -1), "count = ", 370
95, 135, (0, -1), "count = ", 371
97, 4, (0, -1), "count = ", 372
97, 86, (0, -1), "count = ", 373
98, 103, (0, -1), "count = ", 374
99, 57, (0, -1), "count = ", 375
99, 122, (0, -1), "count = ", 376
103, 12, (0, -1), "count = ", 377
104, 110, (0, -1), "count = ", 378
105, 117, (0, -1), "count = ", 379
106, 87, (0, -1), "count = ", 380
106, 91, (0, -1), "count = ", 381
108, 28, (0, -1), "count = ", 382
108, 43, (0, -1), "count = ", 383
108, 77, (0, -1), "count = ", 384
109, 13, (0, -1), "count = ", 385
109, 81, (0, -1), "count = ", 386
109, 87, (0, -1), "count = ", 387
109, 93, (0, -1), "count = ", 388
110, 28, (0, -1), "count = ", 389
110, 54, (0, -1), "count = ", 390
110, 58, (0, -1), "count = ", 391
110, 98, (0, -1), "count = ", 392
112, 76, (0, -1), "count = ", 393
112, 85, (0, -1), "count = ", 394
114, 85, (0, -1), "count = ", 395
117, 138, (0, -1), "count = ", 396
118, 27, (0, -1), "count = ", 397
118, 57, (0, -1), "count = ", 398
118, 94, (0, -1), "count = ", 399
119, 18, (0, -1), "count = ", 400
119, 27, (0, -1), "count = ", 401
119, 62, (0, -1), "count = ", 402
119, 107, (0, -1), "count = ", 403
122, 8, (0, -1), "count = ", 404
122, 16, (0, -1), "count = ", 405
122, 137, (0, -1), "count = ", 406
124, 16, (0, -1), "count = ", 407
125, 14, (0, -1), "count = ", 408
126, 79, (0, -1), "count = ", 409
127, 105, (0, -1), "count = ", 410
127, 140, (0, -1), "count = ", 411
128, 30, (0, -1), "count = ", 412
128, 60, (0, -1), "count = ", 413
129, 28, (0, -1), "count = ", 414
129, 96, (0, -1), "count = ", 415
130, 60, (0, -1), "count = ", 416
130, 134, (0, -1), "count = ", 417
131, 134, (0, -1), "count = ", 418
133, 28, (0, -1), "count = ", 419
134, 30, (0, -1), "count = ", 420
135, 9, (0, -1), "count = ", 421
135, 20, (0, -1), "count = ", 422
135, 79, (0, -1), "count = ", 423
135, 113, (0, -1), "count = ", 424
136, 125, (0, -1), "count = ", 425
137, 57, (0, -1), "count = ", 426
138, 23, (0, -1), "count = ", 427
138, 27, (0, -1), "count = ", 428
138, 34, (0, -1), "count = ", 429
139, 83, (0, -1), "count = ", 430
0, 11, (1, 0), "count = ", 431
0, 33, (1, 0), "count = ", 432
1, 112, (1, 0), "count = ", 433
2, 90, (1, 0), "count = ", 434
2, 93, (1, 0), "count = ", 435
3, 6, (1, 0), "count = ", 436
3, 65, (1, 0), "count = ", 437
3, 71, (1, 0), "count = ", 438
3, 113, (1, 0), "count = ", 439
4, 53, (1, 0), "count = ", 440
4, 55, (1, 0), "count = ", 441
4, 97, (1, 0), "count = ", 442
5, 62, (1, 0), "count = ", 443
5, 138, (1, 0), "count = ", 444
6, 126, (1, 0), "count = ", 445
6, 134, (1, 0), "count = ", 446
7, 6, (1, 0), "count = ", 447
7, 32, (1, 0), "count = ", 448
8, 25, (1, 0), "count = ", 449
8, 66, (1, 0), "count = ", 450
8, 98, (1, 0), "count = ", 451
8, 133, (1, 0), "count = ", 452
9, 34, (1, 0), "count = ", 453
9, 35, (1, 0), "count = ", 454
10, 21, (1, 0), "count = ", 455
10, 40, (1, 0), "count = ", 456
10, 89, (1, 0), "count = ", 457
11, 56, (1, 0), "count = ", 458
11, 139, (1, 0), "count = ", 459
11, 140, (1, 0), "count = ", 460
12, 72, (1, 0), "count = ", 461
12, 109, (1, 0), "count = ", 462
12, 118, (1, 0), "count = ", 463
12, 131, (1, 0), "count = ", 464
14, 42, (1, 0), "count = ", 465
14, 53, (1, 0), "count = ", 466
14, 101, (1, 0), "count = ", 467
15, 6, (1, 0), "count = ", 468
15, 50, (1, 0), "count = ", 469
16, 23, (1, 0), "count = ", 470
16, 54, (1, 0), "count = ", 471
16, 92, (1, 0), "count = ", 472
16, 100, (1, 0), "count = ", 473
17, 32, (1, 0), "count = ", 474
19, 5, (1, 0), "count = ", 475
19, 49, (1, 0), "count = ", 476
19, 51, (1, 0), "count = ", 477
19, 104, (1, 0), "count = ", 478
19, 126, (1, 0), "count = ", 479
21, 4, (1, 0), "count = ", 480
21, 123, (1, 0), "count = ", 481
21, 125, (1, 0), "count = ", 482
22, 13, (1, 0), "count = ", 483
22, 48, (1, 0), "count = ", 484
23, 57, (1, 0), "count = ", 485
23, 99, (1, 0), "count = ", 486
24, 108, (1, 0), "count = ", 487
25, 2, (1, 0), "count = ", 488
25, 17, (1, 0), "count = ", 489
25, 58, (1, 0), "count = ", 490
25, 87, (1, 0), "count = ", 491
26, 26, (1, 0), "count = ", 492
26, 133, (1, 0), "count = ", 493
27, 28, (1, 0), "count = ", 494
27, 61, (1, 0), "count = ", 495
27, 104, (1, 0), "count = ", 496
28, 69, (1, 0), "count = ", 497
28, 71, (1, 0), "count = ", 498
29, 5, (1, 0), "count = ", 499
30, 14, (1, 0), "count = ", 500
30, 50, (1, 0), "count = ", 501
30, 130, (1, 0), "count = ", 502
31, 18, (1, 0), "count = ", 503
32, 42, (1, 0), "count = ", 504
32, 46, (1, 0), "count = ", 505
32, 115, (1, 0), "count = ", 506
33, 69, (1, 0), "count = ", 507
33, 81, (1, 0), "count = ", 508
35, 127, (1, 0), "count = ", 509
37, 108, (1, 0), "count = ", 510
37, 128, (1, 0), "count = ", 511
38, 17, (1, 0), "count = ", 512
39, 129, (1, 0), "count = ", 513
40, 140, (1, 0), "count = ", 514
41, 1, (1, 0), "count = ", 515
41, 82, (1, 0), "count = ", 516
41, 93, (1, 0), "count = ", 517
42, 139, (1, 0), "count = ", 518
43, 29, (1, 0), "count = ", 519
43, 94, (1, 0), "count = ", 520
44, 20, (1, 0), "count = ", 521
44, 132, (1, 0), "count = ", 522
45, 96, (1, 0), "count = ", 523
46, 18, (1, 0), "count = ", 524
46, 47, (1, 0), "count = ", 525
46, 64, (1, 0), "count = ", 526
47, 140, (1, 0), "count = ", 527
48, 23, (1, 0), "count = ", 528
48, 111, (1, 0), "count = ", 529
48, 128, (1, 0), "count = ", 530
49, 54, (1, 0), "count = ", 531
49, 117, (1, 0), "count = ", 532
49, 120, (1, 0), "count = ", 533
50, 37, (1, 0), "count = ", 534
50, 61, (1, 0), "count = ", 535
51, 77, (1, 0), "count = ", 536
51, 79, (1, 0), "count = ", 537
52, 23, (1, 0), "count = ", 538
52, 67, (1, 0), "count = ", 539
54, 8, (1, 0), "count = ", 540
54, 38, (1, 0), "count = ", 541
54, 110, (1, 0), "count = ", 542
56, 60, (1, 0), "count = ", 543
56, 137, (1, 0), "count = ", 544
57, 52, (1, 0), "count = ", 545
57, 132, (1, 0), "count = ", 546
58, 34, (1, 0), "count = ", 547
58, 62, (1, 0), "count = ", 548
58, 114, (1, 0), "count = ", 549
58, 122, (1, 0), "count = ", 550
59, 120, (1, 0), "count = ", 551
60, 11, (1, 0), "count = ", 552
60, 12, (1, 0), "count = ", 553
60, 41, (1, 0), "count = ", 554
61, 1, (1, 0), "count = ", 555
61, 92, (1, 0), "count = ", 556
62, 79, (1, 0), "count = ", 557
64, 16, (1, 0), "count = ", 558
65, 87, (1, 0), "count = ", 559
66, 109, (1, 0), "count = ", 560
67, 59, (1, 0), "count = ", 561
67, 82, (1, 0), "count = ", 562
68, 111, (1, 0), "count = ", 563
69, 5, (1, 0), "count = ", 564
71, 130, (1, 0), "count = ", 565
72, 110, (1, 0), "count = ", 566
75, 104, (1, 0), "count = ", 567
76, 10, (1, 0), "count = ", 568
77, 136, (1, 0), "count = ", 569
78, 52, (1, 0), "count = ", 570
78, 60, (1, 0), "count = ", 571
78, 62, (1, 0), "count = ", 572
78, 63, (1, 0), "count = ", 573
79, 16, (1, 0), "count = ", 574
81, 128, (1, 0), "count = ", 575
81, 138, (1, 0), "count = ", 576
82, 105, (1, 0), "count = ", 577
83, 112, (1, 0), "count = ", 578
85, 140, (1, 0), "count = ", 579
87, 135, (1, 0), "count = ", 580
88, 18, (1, 0), "count = ", 581
89, 125, (1, 0), "count = ", 582
90, 134, (1, 0), "count = ", 583
92, 13, (1, 0), "count = ", 584
92, 103, (1, 0), "count = ", 585
96, 20, (1, 0), "count = ", 586
96, 42, (1, 0), "count = ", 587
96, 87, (1, 0), "count = ", 588
96, 125, (1, 0), "count = ", 589
98, 59, (1, 0), "count = ", 590
98, 88, (1, 0), "count = ", 591
99, 5, (1, 0), "count = ", 592
99, 14, (1, 0), "count = ", 593
100, 80, (1, 0), "count = ", 594
101, 34, (1, 0), "count = ", 595
101, 36, (1, 0), "count = ", 596
102, 121, (1, 0), "count = ", 597
103, 40, (1, 0), "count = ", 598
103, 41, (1, 0), "count = ", 599
103, 75, (1, 0), "count = ", 600
104, 57, (1, 0), "count = ", 601
104, 65, (1, 0), "count = ", 602
104, 82, (1, 0), "count = ", 603
105, 93, (1, 0), "count = ", 604
106, 6, (1, 0), "count = ", 605
106, 33, (1, 0), "count = ", 606
106, 60, (1, 0), "count = ", 607
106, 61, (1, 0), "count = ", 608
109, 14, (1, 0), "count = ", 609
110, 92, (1, 0), "count = ", 610
110, 98, (1, 0), "count = ", 611
110, 123, (1, 0), "count = ", 612
110, 130, (1, 0), "count = ", 613
111, 65, (1, 0), "count = ", 614
111, 137, (1, 0), "count = ", 615
112, 8, (1, 0), "count = ", 616
112, 44, (1, 0), "count = ", 617
112, 108, (1, 0), "count = ", 618
115, 9, (1, 0), "count = ", 619
115, 118, (1, 0), "count = ", 620
116, 87, (1, 0), "count = ", 621
117, 121, (1, 0), "count = ", 622
118, 36, (1, 0), "count = ", 623
119, 99, (1, 0), "count = ", 624
120, 9, (1, 0), "count = ", 625
121, 25, (1, 0), "count = ", 626
122, 79, (1, 0), "count = ", 627
123, 2, (1, 0), "count = ", 628
124, 5, (1, 0), "count = ", 629
124, 29, (1, 0), "count = ", 630
124, 84, (1, 0), "count = ", 631
124, 114, (1, 0), "count = ", 632
128, 39, (1, 0), "count = ", 633
128, 71, (1, 0), "count = ", 634
129, 79, (1, 0), "count = ", 635
129, 105, (1, 0), "count = ", 636
129, 107, (1, 0), "count = ", 637
130, 70, (1, 0), "count = ", 638
130, 130, (1, 0), "count = ", 639
131, 64, (1, 0), "count = ", 640
131, 78, (1, 0), "count = ", 641
131, 124, (1, 0), "count = ", 642
131, 126, (1, 0), "count = ", 643
131, 127, (1, 0), "count = ", 644
132, 14, (1, 0), "count = ", 645
132, 108, (1, 0), "count = ", 646
135, 45, (1, 0), "count = ", 647
135, 47, (1, 0), "count = ", 648
135, 121, (1, 0), "count = ", 649
135, 131, (1, 0), "count = ", 650
136, 62, (1, 0), "count = ", 651
136, 99, (1, 0), "count = ", 652
0, 12, (1, -1), "count = ", 653
0, 14, (1, -1), "count = ", 654
0, 46, (1, -1), "count = ", 655
0, 58, (1, -1), "count = ", 656
0, 86, (1, -1), "count = ", 657
0, 124, (1, -1), "count = ", 658
0, 133, (1, -1), "count = ", 659
0, 137, (1, -1), "count = ", 660
1, 10, (1, -1), "count = ", 661
1, 52, (1, -1), "count = ", 662
1, 76, (1, -1), "count = ", 663
1, 108, (1, -1), "count = ", 664
2, 19, (1, -1), "count = ", 665
2, 70, (1, -1), "count = ", 666
2, 94, (1, -1), "count = ", 667
3, 17, (1, -1), "count = ", 668
3, 39, (1, -1), "count = ", 669
4, 61, (1, -1), "count = ", 670
5, 63, (1, -1), "count = ", 671
5, 74, (1, -1), "count = ", 672
5, 123, (1, -1), "count = ", 673
6, 51, (1, -1), "count = ", 674
6, 61, (1, -1), "count = ", 675
6, 77, (1, -1), "count = ", 676
7, 59, (1, -1), "count = ", 677
7, 71, (1, -1), "count = ", 678
8, 61, (1, -1), "count = ", 679
8, 82, (1, -1), "count = ", 680
8, 93, (1, -1), "count = ", 681
8, 94, (1, -1), "count = ", 682
8, 107, (1, -1), "count = ", 683
9, 13, (1, -1), "count = ", 684
9, 36, (1, -1), "count = ", 685
9, 37, (1, -1), "count = ", 686
10, 21, (1, -1), "count = ", 687
10, 40, (1, -1), "count = ", 688
10, 69, (1, -1), "count = ", 689
10, 76, (1, -1), "count = ", 690
10, 96, (1, -1), "count = ", 691
10, 103, (1, -1), "count = ", 692
11, 52, (1, -1), "count = ", 693
11, 140, (1, -1), "count = ", 694
12, 50, (1, -1), "count = ", 695
12, 82, (1, -1), "count = ", 696
12, 118, (1, -1), "count = ", 697
12, 121, (1, -1), "count = ", 698
12, 126, (1, -1), "count = ", 699
13, 13, (1, -1), "count = ", 700
13, 14, (1, -1), "count = ", 701
14, 27, (1, -1), "count = ", 702
14, 43, (1, -1), "count = ", 703
15, 7, (1, -1), "count = ", 704
15, 10, (1, -1), "count = ", 705
16, 100, (1, -1), "count = ", 706
17, 20, (1, -1), "count = ", 707
17, 31, (1, -1), "count = ", 708
17, 37, (1, -1), "count = ", 709
17, 69, (1, -1), "count = ", 710
17, 126, (1, -1), "count = ", 711
18, 61, (1, -1), "count = ", 712
19, 52, (1, -1), "count = ", 713
19, 61, (1, -1), "count = ", 714
19, 65, (1, -1), "count = ", 715
19, 89, (1, -1), "count = ", 716
19, 98, (1, -1), "count = ", 717
19, 105, (1, -1), "count = ", 718
20, 101, (1, -1), "count = ", 719
21, 53, (1, -1), "count = ", 720
21, 95, (1, -1), "count = ", 721
22, 13, (1, -1), "count = ", 722
22, 15, (1, -1), "count = ", 723
22, 74, (1, -1), "count = ", 724
23, 58, (1, -1), "count = ", 725
23, 72, (1, -1), "count = ", 726
23, 86, (1, -1), "count = ", 727
23, 94, (1, -1), "count = ", 728
24, 15, (1, -1), "count = ", 729
24, 108, (1, -1), "count = ", 730
25, 87, (1, -1), "count = ", 731
25, 123, (1, -1), "count = ", 732
26, 78, (1, -1), "count = ", 733
27, 44, (1, -1), "count = ", 734
27, 115, (1, -1), "count = ", 735
28, 72, (1, -1), "count = ", 736
28, 74, (1, -1), "count = ", 737
28, 100, (1, -1), "count = ", 738
29, 5, (1, -1), "count = ", 739
29, 50, (1, -1), "count = ", 740
30, 46, (1, -1), "count = ", 741
30, 80, (1, -1), "count = ", 742
31, 21, (1, -1), "count = ", 743
31, 88, (1, -1), "count = ", 744
31, 91, (1, -1), "count = ", 745
32, 38, (1, -1), "count = ", 746
32, 42, (1, -1), "count = ", 747
32, 77, (1, -1), "count = ", 748
32, 122, (1, -1), "count = ", 749
33, 85, (1, -1), "count = ", 750
33, 87, (1, -1), "count = ", 751
33, 91, (1, -1), "count = ", 752
34, 12, (1, -1), "count = ", 753
34, 117, (1, -1), "count = ", 754
35, 91, (1, -1), "count = ", 755
35, 127, (1, -1), "count = ", 756
36, 76, (1, -1), "count = ", 757
37, 33, (1, -1), "count = ", 758
37, 130, (1, -1), "count = ", 759
38, 19, (1, -1), "count = ", 760
38, 20, (1, -1), "count = ", 761
38, 67, (1, -1), "count = ", 762
38, 113, (1, -1), "count = ", 763
39, 97, (1, -1), "count = ", 764
39, 101, (1, -1), "count = ", 765
39, 130, (1, -1), "count = ", 766
39, 131, (1, -1), "count = ", 767
40, 27, (1, -1), "count = ", 768
40, 122, (1, -1), "count = ", 769
41, 15, (1, -1), "count = ", 770
41, 93, (1, -1), "count = ", 771
42, 91, (1, -1), "count = ", 772
43, 115, (1, -1), "count = ", 773
44, 129, (1, -1), "count = ", 774
44, 133, (1, -1), "count = ", 775
45, 41, (1, -1), "count = ", 776
45, 60, (1, -1), "count = ", 777
45, 76, (1, -1), "count = ", 778
45, 91, (1, -1), "count = ", 779
45, 97, (1, -1), "count = ", 780
45, 115, (1, -1), "count = ", 781
45, 121, (1, -1), "count = ", 782
46, 39, (1, -1), "count = ", 783
46, 134, (1, -1), "count = ", 784
47, 33, (1, -1), "count = ", 785
47, 72, (1, -1), "count = ", 786
47, 127, (1, -1), "count = ", 787
47, 138, (1, -1), "count = ", 788
48, 138, (1, -1), "count = ", 789
49, 83, (1, -1), "count = ", 790
49, 95, (1, -1), "count = ", 791
49, 101, (1, -1), "count = ", 792
49, 120, (1, -1), "count = ", 793
49, 127, (1, -1), "count = ", 794
50, 37, (1, -1), "count = ", 795
50, 62, (1, -1), "count = ", 796
51, 79, (1, -1), "count = ", 797
51, 98, (1, -1), "count = ", 798
52, 8, (1, -1), "count = ", 799
52, 17, (1, -1), "count = ", 800
52, 63, (1, -1), "count = ", 801
52, 66, (1, -1), "count = ", 802
52, 123, (1, -1), "count = ", 803
52, 133, (1, -1), "count = ", 804
54, 132, (1, -1), "count = ", 805
55, 76, (1, -1), "count = ", 806
56, 60, (1, -1), "count = ", 807
56, 66, (1, -1), "count = ", 808
56, 74, (1, -1), "count = ", 809
56, 103, (1, -1), "count = ", 810
57, 33, (1, -1), "count = ", 811
58, 59, (1, -1), "count = ", 812
58, 62, (1, -1), "count = ", 813
59, 70, (1, -1), "count = ", 814
59, 91, (1, -1), "count = ", 815
59, 102, (1, -1), "count = ", 816
59, 106, (1, -1), "count = ", 817
59, 120, (1, -1), "count = ", 818
60, 9, (1, -1), "count = ", 819
60, 12, (1, -1), "count = ", 820
60, 43, (1, -1), "count = ", 821
60, 125, (1, -1), "count = ", 822
61, 29, (1, -1), "count = ", 823
61, 60, (1, -1), "count = ", 824
61, 139, (1, -1), "count = ", 825
62, 79, (1, -1), "count = ", 826
62, 80, (1, -1), "count = ", 827
62, 113, (1, -1), "count = ", 828
63, 21, (1, -1), "count = ", 829
63, 23, (1, -1), "count = ", 830
63, 125, (1, -1), "count = ", 831
64, 15, (1, -1), "count = ", 832
64, 74, (1, -1), "count = ", 833
64, 107, (1, -1), "count = ", 834
65, 11, (1, -1), "count = ", 835
65, 127, (1, -1), "count = ", 836
67, 21, (1, -1), "count = ", 837
67, 54, (1, -1), "count = ", 838
67, 58, (1, -1), "count = ", 839
67, 79, (1, -1), "count = ", 840
68, 34, (1, -1), "count = ", 841
68, 43, (1, -1), "count = ", 842
68, 45, (1, -1), "count = ", 843
68, 101, (1, -1), "count = ", 844
68, 114, (1, -1), "count = ", 845
69, 27, (1, -1), "count = ", 846
69, 43, (1, -1), "count = ", 847
69, 90, (1, -1), "count = ", 848
69, 101, (1, -1), "count = ", 849
69, 118, (1, -1), "count = ", 850
70, 54, (1, -1), "count = ", 851
70, 126, (1, -1), "count = ", 852
71, 59, (1, -1), "count = ", 853
72, 7, (1, -1), "count = ", 854
72, 71, (1, -1), "count = ", 855
73, 23, (1, -1), "count = ", 856
74, 25, (1, -1), "count = ", 857
74, 51, (1, -1), "count = ", 858
74, 91, (1, -1), "count = ", 859
74, 97, (1, -1), "count = ", 860
75, 37, (1, -1), "count = ", 861
75, 73, (1, -1), "count = ", 862
76, 27, (1, -1), "count = ", 863
76, 32, (1, -1), "count = ", 864
77, 139, (1, -1), "count = ", 865
78, 6, (1, -1), "count = ", 866
78, 63, (1, -1), "count = ", 867
78, 66, (1, -1), "count = ", 868
78, 115, (1, -1), "count = ", 869
79, 73, (1, -1), "count = ", 870
79, 75, (1, -1), "count = ", 871
80, 6, (1, -1), "count = ", 872
80, 26, (1, -1), "count = ", 873
80, 42, (1, -1), "count = ", 874
81, 54, (1, -1), "count = ", 875
81, 104, (1, -1), "count = ", 876
82, 66, (1, -1), "count = ", 877
82, 87, (1, -1), "count = ", 878
83, 55, (1, -1), "count = ", 879
83, 68, (1, -1), "count = ", 880
83, 72, (1, -1), "count = ", 881
83, 95, (1, -1), "count = ", 882
84, 4, (1, -1), "count = ", 883
84, 23, (1, -1), "count = ", 884
84, 87, (1, -1), "count = ", 885
85, 52, (1, -1), "count = ", 886
85, 54, (1, -1), "count = ", 887
85, 56, (1, -1), "count = ", 888
85, 128, (1, -1), "count = ", 889
86, 86, (1, -1), "count = ", 890
86, 91, (1, -1), "count = ", 891
87, 95, (1, -1), "count = ", 892
88, 4, (1, -1), "count = ", 893
88, 21, (1, -1), "count = ", 894
88, 45, (1, -1), "count = ", 895
88, 106, (1, -1), "count = ", 896
89, 55, (1, -1), "count = ", 897
89, 68, (1, -1), "count = ", 898
89, 82, (1, -1), "count = ", 899
89, 140, (1, -1), "count = ", 900
90, 13, (1, -1), "count = ", 901
90, 76, (1, -1), "count = ", 902
90, 118, (1, -1), "count = ", 903
91, 4, (1, -1), "count = ", 904
91, 13, (1, -1), "count = ", 905
91, 68, (1, -1), "count = ", 906
91, 128, (1, -1), "count = ", 907
92, 36, (1, -1), "count = ", 908
92, 55, (1, -1), "count = ", 909
93, 34, (1, -1), "count = ", 910
94, 26, (1, -1), "count = ", 911
94, 101, (1, -1), "count = ", 912
94, 122, (1, -1), "count = ", 913
94, 126, (1, -1), "count = ", 914
95, 12, (1, -1), "count = ", 915
95, 59, (1, -1), "count = ", 916
95, 66, (1, -1), "count = ", 917
95, 124, (1, -1), "count = ", 918
96, 41, (1, -1), "count = ", 919
96, 88, (1, -1), "count = ", 920
97, 34, (1, -1), "count = ", 921
97, 94, (1, -1), "count = ", 922
98, 4, (1, -1), "count = ", 923
98, 122, (1, -1), "count = ", 924
99, 64, (1, -1), "count = ", 925
99, 66, (1, -1), "count = ", 926
99, 107, (1, -1), "count = ", 927
99, 109, (1, -1), "count = ", 928
99, 114, (1, -1), "count = ", 929
99, 116, (1, -1), "count = ", 930
99, 122, (1, -1), "count = ", 931
100, 84, (1, -1), "count = ", 932
100, 94, (1, -1), "count = ", 933
100, 101, (1, -1), "count = ", 934
101, 12, (1, -1), "count = ", 935
101, 28, (1, -1), "count = ", 936
101, 79, (1, -1), "count = ", 937
101, 108, (1, -1), "count = ", 938
101, 130, (1, -1), "count = ", 939
101, 131, (1, -1), "count = ", 940
102, 52, (1, -1), "count = ", 941
102, 83, (1, -1), "count = ", 942
103, 43, (1, -1), "count = ", 943
103, 44, (1, -1), "count = ", 944
104, 30, (1, -1), "count = ", 945
104, 58, (1, -1), "count = ", 946
104, 65, (1, -1), "count = ", 947
104, 87, (1, -1), "count = ", 948
105, 26, (1, -1), "count = ", 949
105, 50, (1, -1), "count = ", 950
105, 110, (1, -1), "count = ", 951
106, 61, (1, -1), "count = ", 952
107, 22, (1, -1), "count = ", 953
108, 58, (1, -1), "count = ", 954
108, 65, (1, -1), "count = ", 955
108, 96, (1, -1), "count = ", 956
108, 128, (1, -1), "count = ", 957
109, 110, (1, -1), "count = ", 958
110, 50, (1, -1), "count = ", 959
110, 54, (1, -1), "count = ", 960
110, 91, (1, -1), "count = ", 961
110, 101, (1, -1), "count = ", 962
110, 103, (1, -1), "count = ", 963
110, 122, (1, -1), "count = ", 964
111, 8, (1, -1), "count = ", 965
111, 19, (1, -1), "count = ", 966
111, 56, (1, -1), "count = ", 967
111, 69, (1, -1), "count = ", 968
111, 85, (1, -1), "count = ", 969
111, 138, (1, -1), "count = ", 970
111, 140, (1, -1), "count = ", 971
112, 41, (1, -1), "count = ", 972
112, 56, (1, -1), "count = ", 973
112, 85, (1, -1), "count = ", 974
112, 96, (1, -1), "count = ", 975
112, 108, (1, -1), "count = ", 976
112, 122, (1, -1), "count = ", 977
113, 85, (1, -1), "count = ", 978
113, 124, (1, -1), "count = ", 979
113, 133, (1, -1), "count = ", 980
114, 18, (1, -1), "count = ", 981
114, 23, (1, -1), "count = ", 982
114, 57, (1, -1), "count = ", 983
114, 64, (1, -1), "count = ", 984
114, 74, (1, -1), "count = ", 985
114, 131, (1, -1), "count = ", 986
115, 35, (1, -1), "count = ", 987
115, 85, (1, -1), "count = ", 988
116, 27, (1, -1), "count = ", 989
116, 89, (1, -1), "count = ", 990
117, 36, (1, -1), "count = ", 991
117, 57, (1, -1), "count = ", 992
117, 113, (1, -1), "count = ", 993
118, 23, (1, -1), "count = ", 994
118, 27, (1, -1), "count = ", 995
118, 67, (1, -1), "count = ", 996
118, 72, (1, -1), "count = ", 997
118, 98, (1, -1), "count = ", 998
118, 119, (1, -1), "count = ", 999
119, 8, (1, -1), "count = ", 1000
119, 96, (1, -1), "count = ", 1001
119, 127, (1, -1), "count = ", 1002
120, 34, (1, -1), "count = ", 1003
120, 48, (1, -1), "count = ", 1004
120, 72, (1, -1), "count = ", 1005
121, 65, (1, -1), "count = ", 1006
121, 123, (1, -1), "count = ", 1007
122, 63, (1, -1), "count = ", 1008
122, 67, (1, -1), "count = ", 1009
122, 107, (1, -1), "count = ", 1010
123, 38, (1, -1), "count = ", 1011
123, 61, (1, -1), "count = ", 1012
124, 8, (1, -1), "count = ", 1013
124, 18, (1, -1), "count = ", 1014
124, 22, (1, -1), "count = ", 1015
124, 42, (1, -1), "count = ", 1016
124, 44, (1, -1), "count = ", 1017
124, 123, (1, -1), "count = ", 1018
125, 47, (1, -1), "count = ", 1019
125, 140, (1, -1), "count = ", 1020
126, 4, (1, -1), "count = ", 1021
126, 22, (1, -1), "count = ", 1022
126, 63, (1, -1), "count = ", 1023
126, 89, (1, -1), "count = ", 1024
127, 46, (1, -1), "count = ", 1025
128, 60, (1, -1), "count = ", 1026
129, 105, (1, -1), "count = ", 1027
129, 122, (1, -1), "count = ", 1028
130, 50, (1, -1), "count = ", 1029
130, 73, (1, -1), "count = ", 1030
130, 92, (1, -1), "count = ", 1031
131, 40, (1, -1), "count = ", 1032
131, 124, (1, -1), "count = ", 1033
132, 25, (1, -1), "count = ", 1034
132, 108, (1, -1), "count = ", 1035
134, 57, (1, -1), "count = ", 1036
134, 62, (1, -1), "count = ", 1037
134, 96, (1, -1), "count = ", 1038
135, 23, (1, -1), "count = ", 1039
135, 38, (1, -1), "count = ", 1040
135, 40, (1, -1), "count = ", 1041
135, 44, (1, -1), "count = ", 1042
135, 46, (1, -1), "count = ", 1043
135, 131, (1, -1), "count = ", 1044
135, 134, (1, -1), "count = ", 1045
136, 4, (1, -1), "count = ", 1046
136, 19, (1, -1), "count = ", 1047
136, 57, (1, -1), "count = ", 1048
136, 99, (1, -1), "count = ", 1049
136, 115, (1, -1), "count = ", 1050
136, 118, (1, -1), "count = ", 1051
0, 65, (1, 1), "count = ", 1052
0, 113, (1, 1), "count = ", 1053
0, 120, (1, 1), "count = ", 1054
0, 135, (1, 1), "count = ", 1055
1, 70, (1, 1), "count = ", 1056
1, 122, (1, 1), "count = ", 1057
2, 19, (1, 1), "count = ", 1058
2, 90, (1, 1), "count = ", 1059
2, 98, (1, 1), "count = ", 1060
3, 122, (1, 1), "count = ", 1061
4, 24, (1, 1), "count = ", 1062
4, 51, (1, 1), "count = ", 1063
4, 119, (1, 1), "count = ", 1064
5, 47, (1, 1), "count = ", 1065
5, 126, (1, 1), "count = ", 1066
7, 3, (1, 1), "count = ", 1067
7, 7, (1, 1), "count = ", 1068
7, 67, (1, 1), "count = ", 1069
8, 55, (1, 1), "count = ", 1070
8, 61, (1, 1), "count = ", 1071
8, 76, (1, 1), "count = ", 1072
8, 109, (1, 1), "count = ", 1073
9, 13, (1, 1), "count = ", 1074
9, 99, (1, 1), "count = ", 1075
10, 21, (1, 1), "count = ", 1076
10, 50, (1, 1), "count = ", 1077
10, 76, (1, 1), "count = ", 1078
10, 88, (1, 1), "count = ", 1079
11, 31, (1, 1), "count = ", 1080
11, 56, (1, 1), "count = ", 1081
12, 48, (1, 1), "count = ", 1082
12, 76, (1, 1), "count = ", 1083
13, 28, (1, 1), "count = ", 1084
13, 46, (1, 1), "count = ", 1085
13, 83, (1, 1), "count = ", 1086
13, 122, (1, 1), "count = ", 1087
14, 1, (1, 1), "count = ", 1088
14, 37, (1, 1), "count = ", 1089
14, 73, (1, 1), "count = ", 1090
15, 1, (1, 1), "count = ", 1091
15, 46, (1, 1), "count = ", 1092
15, 55, (1, 1), "count = ", 1093
15, 83, (1, 1), "count = ", 1094
16, 1, (1, 1), "count = ", 1095
16, 77, (1, 1), "count = ", 1096
17, 14, (1, 1), "count = ", 1097
17, 31, (1, 1), "count = ", 1098
17, 62, (1, 1), "count = ", 1099
17, 107, (1, 1), "count = ", 1100
17, 122, (1, 1), "count = ", 1101
19, 37, (1, 1), "count = ", 1102
19, 57, (1, 1), "count = ", 1103
19, 83, (1, 1), "count = ", 1104
19, 101, (1, 1), "count = ", 1105
20, 12, (1, 1), "count = ", 1106
20, 137, (1, 1), "count = ", 1107
21, 122, (1, 1), "count = ", 1108
22, 68, (1, 1), "count = ", 1109
23, 54, (1, 1), "count = ", 1110
23, 68, (1, 1), "count = ", 1111
23, 94, (1, 1), "count = ", 1112
23, 128, (1, 1), "count = ", 1113
24, 7, (1, 1), "count = ", 1114
24, 32, (1, 1), "count = ", 1115
24, 107, (1, 1), "count = ", 1116
24, 133, (1, 1), "count = ", 1117
27, 14, (1, 1), "count = ", 1118
27, 44, (1, 1), "count = ", 1119
27, 109, (1, 1), "count = ", 1120
27, 113, (1, 1), "count = ", 1121
29, 14, (1, 1), "count = ", 1122
29, 36, (1, 1), "count = ", 1123
29, 62, (1, 1), "count = ", 1124
30, 19, (1, 1), "count = ", 1125
30, 130, (1, 1), "count = ", 1126
31, 17, (1, 1), "count = ", 1127
31, 86, (1, 1), "count = ", 1128
31, 101, (1, 1), "count = ", 1129
32, 38, (1, 1), "count = ", 1130
32, 98, (1, 1), "count = ", 1131
32, 137, (1, 1), "count = ", 1132
33, 4, (1, 1), "count = ", 1133
33, 81, (1, 1), "count = ", 1134
33, 85, (1, 1), "count = ", 1135
33, 91, (1, 1), "count = ", 1136
33, 135, (1, 1), "count = ", 1137
35, 95, (1, 1), "count = ", 1138
37, 61, (1, 1), "count = ", 1139
37, 79, (1, 1), "count = ", 1140
37, 124, (1, 1), "count = ", 1141
38, 65, (1, 1), "count = ", 1142
38, 114, (1, 1), "count = ", 1143
39, 34, (1, 1), "count = ", 1144
39, 40, (1, 1), "count = ", 1145
39, 96, (1, 1), "count = ", 1146
39, 118, (1, 1), "count = ", 1147
40, 27, (1, 1), "count = ", 1148
40, 61, (1, 1), "count = ", 1149
40, 101, (1, 1), "count = ", 1150
41, 13, (1, 1), "count = ", 1151
41, 29, (1, 1), "count = ", 1152
41, 125, (1, 1), "count = ", 1153
42, 49, (1, 1), "count = ", 1154
42, 97, (1, 1), "count = ", 1155
43, 43, (1, 1), "count = ", 1156
43, 99, (1, 1), "count = ", 1157
44, 19, (1, 1), "count = ", 1158
48, 4, (1, 1), "count = ", 1159
48, 19, (1, 1), "count = ", 1160
48, 23, (1, 1), "count = ", 1161
48, 111, (1, 1), "count = ", 1162
48, 128, (1, 1), "count = ", 1163
49, 37, (1, 1), "count = ", 1164
49, 93, (1, 1), "count = ", 1165
49, 95, (1, 1), "count = ", 1166
49, 117, (1, 1), "count = ", 1167
50, 29, (1, 1), "count = ", 1168
50, 58, (1, 1), "count = ", 1169
50, 83, (1, 1), "count = ", 1170
51, 15, (1, 1), "count = ", 1171
51, 72, (1, 1), "count = ", 1172
51, 90, (1, 1), "count = ", 1173
51, 104, (1, 1), "count = ", 1174
52, 8, (1, 1), "count = ", 1175
52, 13, (1, 1), "count = ", 1176
52, 62, (1, 1), "count = ", 1177
52, 64, (1, 1), "count = ", 1178
53, 8, (1, 1), "count = ", 1179
53, 19, (1, 1), "count = ", 1180
53, 39, (1, 1), "count = ", 1181
53, 54, (1, 1), "count = ", 1182
54, 17, (1, 1), "count = ", 1183
54, 24, (1, 1), "count = ", 1184
54, 84, (1, 1), "count = ", 1185
55, 22, (1, 1), "count = ", 1186
55, 30, (1, 1), "count = ", 1187
56, 18, (1, 1), "count = ", 1188
56, 33, (1, 1), "count = ", 1189
56, 66, (1, 1), "count = ", 1190
56, 121, (1, 1), "count = ", 1191
56, 134, (1, 1), "count = ", 1192
56, 137, (1, 1), "count = ", 1193
57, 29, (1, 1), "count = ", 1194
57, 77, (1, 1), "count = ", 1195
57, 93, (1, 1), "count = ", 1196
57, 107, (1, 1), "count = ", 1197
58, 11, (1, 1), "count = ", 1198
58, 14, (1, 1), "count = ", 1199
58, 15, (1, 1), "count = ", 1200
58, 34, (1, 1), "count = ", 1201
58, 107, (1, 1), "count = ", 1202
58, 114, (1, 1), "count = ", 1203
59, 46, (1, 1), "count = ", 1204
60, 5, (1, 1), "count = ", 1205
60, 9, (1, 1), "count = ", 1206
60, 137, (1, 1), "count = ", 1207
61, 23, (1, 1), "count = ", 1208
61, 91, (1, 1), "count = ", 1209
61, 127, (1, 1), "count = ", 1210
62, 56, (1, 1), "count = ", 1211
62, 73, (1, 1), "count = ", 1212
62, 107, (1, 1), "count = ", 1213
62, 137, (1, 1), "count = ", 1214
63, 17, (1, 1), "count = ", 1215
63, 21, (1, 1), "count = ", 1216
63, 37, (1, 1), "count = ", 1217
63, 63, (1, 1), "count = ", 1218
63, 86, (1, 1), "count = ", 1219
63, 119, (1, 1), "count = ", 1220
64, 45, (1, 1), "count = ", 1221
65, 35, (1, 1), "count = ", 1222
65, 63, (1, 1), "count = ", 1223
65, 87, (1, 1), "count = ", 1224
65, 122, (1, 1), "count = ", 1225
65, 126, (1, 1), "count = ", 1226
66, 35, (1, 1), "count = ", 1227
66, 52, (1, 1), "count = ", 1228
66, 65, (1, 1), "count = ", 1229
66, 106, (1, 1), "count = ", 1230
67, 17, (1, 1), "count = ", 1231
67, 19, (1, 1), "count = ", 1232
67, 21, (1, 1), "count = ", 1233
67, 79, (1, 1), "count = ", 1234
67, 90, (1, 1), "count = ", 1235
68, 43, (1, 1), "count = ", 1236
68, 112, (1, 1), "count = ", 1237
69, 43, (1, 1), "count = ", 1238
69, 90, (1, 1), "count = ", 1239
70, 27, (1, 1), "count = ", 1240
70, 48, (1, 1), "count = ", 1241
70, 122, (1, 1), "count = ", 1242
71, 130, (1, 1), "count = ", 1243
72, 51, (1, 1), "count = ", 1244
73, 27, (1, 1), "count = ", 1245
73, 54, (1, 1), "count = ", 1246
73, 89, (1, 1), "count = ", 1247
73, 95, (1, 1), "count = ", 1248
73, 136, (1, 1), "count = ", 1249
74, 75, (1, 1), "count = ", 1250
74, 77, (1, 1), "count = ", 1251
74, 93, (1, 1), "count = ", 1252
75, 37, (1, 1), "count = ", 1253
75, 71, (1, 1), "count = ", 1254
75, 101, (1, 1), "count = ", 1255
75, 113, (1, 1), "count = ", 1256
75, 136, (1, 1), "count = ", 1257
76, 51, (1, 1), "count = ", 1258
77, 15, (1, 1), "count = ", 1259
77, 32, (1, 1), "count = ", 1260
77, 37, (1, 1), "count = ", 1261
77, 100, (1, 1), "count = ", 1262
77, 123, (1, 1), "count = ", 1263
77, 136, (1, 1), "count = ", 1264
78, 27, (1, 1), "count = ", 1265
78, 42, (1, 1), "count = ", 1266
78, 79, (1, 1), "count = ", 1267
78, 111, (1, 1), "count = ", 1268
79, 69, (1, 1), "count = ", 1269
79, 124, (1, 1), "count = ", 1270
80, 19, (1, 1), "count = ", 1271
81, 27, (1, 1), "count = ", 1272
83, 42, (1, 1), "count = ", 1273
85, 25, (1, 1), "count = ", 1274
85, 34, (1, 1), "count = ", 1275
85, 48, (1, 1), "count = ", 1276
85, 52, (1, 1), "count = ", 1277
85, 131, (1, 1), "count = ", 1278
87, 39, (1, 1), "count = ", 1279
87, 62, (1, 1), "count = ", 1280
87, 128, (1, 1), "count = ", 1281
87, 134, (1, 1), "count = ", 1282
88, 100, (1, 1), "count = ", 1283
90, 30, (1, 1), "count = ", 1284
90, 70, (1, 1), "count = ", 1285
90, 82, (1, 1), "count = ", 1286
90, 134, (1, 1), "count = ", 1287
91, 13, (1, 1), "count = ", 1288
91, 49, (1, 1), "count = ", 1289
91, 56, (1, 1), "count = ", 1290
91, 86, (1, 1), "count = ", 1291
91, 88, (1, 1), "count = ", 1292
91, 104, (1, 1), "count = ", 1293
92, 129, (1, 1), "count = ", 1294
93, 4, (1, 1), "count = ", 1295
93, 14, (1, 1), "count = ", 1296
93, 28, (1, 1), "count = ", 1297
94, 88, (1, 1), "count = ", 1298
94, 137, (1, 1), "count = ", 1299
95, 4, (1, 1), "count = ", 1300
95, 10, (1, 1), "count = ", 1301
95, 57, (1, 1), "count = ", 1302
95, 62, (1, 1), "count = ", 1303
96, 35, (1, 1), "count = ", 1304
96, 51, (1, 1), "count = ", 1305
96, 88, (1, 1), "count = ", 1306
96, 95, (1, 1), "count = ", 1307
97, 4, (1, 1), "count = ", 1308
97, 90, (1, 1), "count = ", 1309
97, 92, (1, 1), "count = ", 1310
98, 28, (1, 1), "count = ", 1311
98, 36, (1, 1), "count = ", 1312
98, 122, (1, 1), "count = ", 1313
99, 13, (1, 1), "count = ", 1314
99, 65, (1, 1), "count = ", 1315
99, 110, (1, 1), "count = ", 1316
99, 112, (1, 1), "count = ", 1317
99, 114, (1, 1), "count = ", 1318
99, 131, (1, 1), "count = ", 1319
100, 15, (1, 1), "count = ", 1320
100, 86, (1, 1), "count = ", 1321
100, 97, (1, 1), "count = ", 1322
101, 34, (1, 1), "count = ", 1323
102, 3, (1, 1), "count = ", 1324
102, 75, (1, 1), "count = ", 1325
102, 122, (1, 1), "count = ", 1326
102, 131, (1, 1), "count = ", 1327
103, 21, (1, 1), "count = ", 1328
104, 6, (1, 1), "count = ", 1329
104, 16, (1, 1), "count = ", 1330
104, 24, (1, 1), "count = ", 1331
104, 87, (1, 1), "count = ", 1332
105, 35, (1, 1), "count = ", 1333
105, 104, (1, 1), "count = ", 1334
106, 33, (1, 1), "count = ", 1335
106, 87, (1, 1), "count = ", 1336
106, 120, (1, 1), "count = ", 1337
106, 121, (1, 1), "count = ", 1338
107, 13, (1, 1), "count = ", 1339
108, 29, (1, 1), "count = ", 1340
108, 85, (1, 1), "count = ", 1341
108, 94, (1, 1), "count = ", 1342
108, 98, (1, 1), "count = ", 1343
108, 112, (1, 1), "count = ", 1344
109, 48, (1, 1), "count = ", 1345
109, 77, (1, 1), "count = ", 1346
109, 137, (1, 1), "count = ", 1347
110, 28, (1, 1), "count = ", 1348
110, 35, (1, 1), "count = ", 1349
110, 44, (1, 1), "count = ", 1350
110, 46, (1, 1), "count = ", 1351
110, 50, (1, 1), "count = ", 1352
110, 91, (1, 1), "count = ", 1353
110, 129, (1, 1), "count = ", 1354
111, 19, (1, 1), "count = ", 1355
111, 56, (1, 1), "count = ", 1356
111, 137, (1, 1), "count = ", 1357
112, 41, (1, 1), "count = ", 1358
112, 81, (1, 1), "count = ", 1359
112, 85, (1, 1), "count = ", 1360
113, 3, (1, 1), "count = ", 1361
113, 66, (1, 1), "count = ", 1362
114, 15, (1, 1), "count = ", 1363
114, 74, (1, 1), "count = ", 1364
114, 129, (1, 1), "count = ", 1365
115, 9, (1, 1), "count = ", 1366
115, 21, (1, 1), "count = ", 1367
115, 96, (1, 1), "count = ", 1368
118, 65, (1, 1), "count = ", 1369
118, 74, (1, 1), "count = ", 1370
119, 10, (1, 1), "count = ", 1371
119, 96, (1, 1), "count = ", 1372
119, 103, (1, 1), "count = ", 1373
121, 137, (1, 1), "count = ", 1374
122, 76, (1, 1), "count = ", 1375
123, 10, (1, 1), "count = ", 1376
123, 59, (1, 1), "count = ", 1377
124, 4, (1, 1), "count = ", 1378
124, 16, (1, 1), "count = ", 1379
124, 26, (1, 1), "count = ", 1380
124, 36, (1, 1), "count = ", 1381
124, 39, (1, 1), "count = ", 1382
125, 16, (1, 1), "count = ", 1383
126, 63, (1, 1), "count = ", 1384
126, 66, (1, 1), "count = ", 1385
127, 16, (1, 1), "count = ", 1386
127, 24, (1, 1), "count = ", 1387
127, 92, (1, 1), "count = ", 1388
127, 113, (1, 1), "count = ", 1389
128, 70, (1, 1), "count = ", 1390
129, 28, (1, 1), "count = ", 1391
129, 58, (1, 1), "count = ", 1392
129, 77, (1, 1), "count = ", 1393
129, 79, (1, 1), "count = ", 1394
130, 28, (1, 1), "count = ", 1395
130, 32, (1, 1), "count = ", 1396
130, 90, (1, 1), "count = ", 1397
131, 6, (1, 1), "count = ", 1398
131, 83, (1, 1), "count = ", 1399
131, 99, (1, 1), "count = ", 1400
131, 124, (1, 1), "count = ", 1401
132, 73, (1, 1), "count = ", 1402
133, 79, (1, 1), "count = ", 1403
133, 83, (1, 1), "count = ", 1404
133, 99, (1, 1), "count = ", 1405
133, 131, (1, 1), "count = ", 1406
134, 51, (1, 1), "count = ", 1407
135, 44, (1, 1), "count = ", 1408
135, 83, (1, 1), "count = ", 1409
135, 99, (1, 1), "count = ", 1410
135, 125, (1, 1), "count = ", 1411
135, 132, (1, 1), "count = ", 1412
135, 134, (1, 1), "count = ", 1413
136, 49, (1, 1), "count = ", 1414
136, 57, (1, 1), "count = ", 1415
136, 69, (1, 1), "count = ", 1416
136, 116, (1, 1), "count = ", 1417
0, 97, (-1, 0), "count = ", 1418
3, 17, (-1, 0), "count = ", 1419
3, 80, (-1, 0), "count = ", 1420
3, 110, (-1, 0), "count = ", 1421
4, 34, (-1, 0), "count = ", 1422
4, 97, (-1, 0), "count = ", 1423
4, 101, (-1, 0), "count = ", 1424
4, 119, (-1, 0), "count = ", 1425
5, 140, (-1, 0), "count = ", 1426
6, 57, (-1, 0), "count = ", 1427
6, 134, (-1, 0), "count = ", 1428
9, 13, (-1, 0), "count = ", 1429
11, 140, (-1, 0), "count = ", 1430
12, 86, (-1, 0), "count = ", 1431
14, 96, (-1, 0), "count = ", 1432
15, 33, (-1, 0), "count = ", 1433
15, 55, (-1, 0), "count = ", 1434
16, 18, (-1, 0), "count = ", 1435
16, 20, (-1, 0), "count = ", 1436
16, 110, (-1, 0), "count = ", 1437
17, 34, (-1, 0), "count = ", 1438
17, 60, (-1, 0), "count = ", 1439
17, 105, (-1, 0), "count = ", 1440
17, 137, (-1, 0), "count = ", 1441
17, 139, (-1, 0), "count = ", 1442
18, 115, (-1, 0), "count = ", 1443
18, 117, (-1, 0), "count = ", 1444
19, 104, (-1, 0), "count = ", 1445
20, 79, (-1, 0), "count = ", 1446
20, 81, (-1, 0), "count = ", 1447
20, 106, (-1, 0), "count = ", 1448
23, 50, (-1, 0), "count = ", 1449
23, 52, (-1, 0), "count = ", 1450
23, 94, (-1, 0), "count = ", 1451
24, 12, (-1, 0), "count = ", 1452
25, 3, (-1, 0), "count = ", 1453
25, 5, (-1, 0), "count = ", 1454
25, 53, (-1, 0), "count = ", 1455
25, 79, (-1, 0), "count = ", 1456
25, 113, (-1, 0), "count = ", 1457
27, 115, (-1, 0), "count = ", 1458
27, 128, (-1, 0), "count = ", 1459
28, 13, (-1, 0), "count = ", 1460
28, 37, (-1, 0), "count = ", 1461
28, 106, (-1, 0), "count = ", 1462
29, 36, (-1, 0), "count = ", 1463
29, 62, (-1, 0), "count = ", 1464
31, 2, (-1, 0), "count = ", 1465
31, 120, (-1, 0), "count = ", 1466
32, 131, (-1, 0), "count = ", 1467
35, 60, (-1, 0), "count = ", 1468
36, 45, (-1, 0), "count = ", 1469
36, 125, (-1, 0), "count = ", 1470
37, 83, (-1, 0), "count = ", 1471
38, 101, (-1, 0), "count = ", 1472
38, 113, (-1, 0), "count = ", 1473
39, 129, (-1, 0), "count = ", 1474
39, 131, (-1, 0), "count = ", 1475
40, 14, (-1, 0), "count = ", 1476
40, 48, (-1, 0), "count = ", 1477
40, 59, (-1, 0), "count = ", 1478
41, 41, (-1, 0), "count = ", 1479
41, 88, (-1, 0), "count = ", 1480
42, 71, (-1, 0), "count = ", 1481
43, 83, (-1, 0), "count = ", 1482
45, 95, (-1, 0), "count = ", 1483
45, 138, (-1, 0), "count = ", 1484
46, 53, (-1, 0), "count = ", 1485
47, 123, (-1, 0), "count = ", 1486
48, 2, (-1, 0), "count = ", 1487
48, 62, (-1, 0), "count = ", 1488
49, 93, (-1, 0), "count = ", 1489
50, 132, (-1, 0), "count = ", 1490
51, 3, (-1, 0), "count = ", 1491
51, 57, (-1, 0), "count = ", 1492
52, 28, (-1, 0), "count = ", 1493
52, 59, (-1, 0), "count = ", 1494
52, 63, (-1, 0), "count = ", 1495
52, 64, (-1, 0), "count = ", 1496
52, 67, (-1, 0), "count = ", 1497
53, 78, (-1, 0), "count = ", 1498
53, 97, (-1, 0), "count = ", 1499
56, 89, (-1, 0), "count = ", 1500
56, 131, (-1, 0), "count = ", 1501
57, 77, (-1, 0), "count = ", 1502
57, 79, (-1, 0), "count = ", 1503
58, 59, (-1, 0), "count = ", 1504
58, 122, (-1, 0), "count = ", 1505
59, 22, (-1, 0), "count = ", 1506
59, 91, (-1, 0), "count = ", 1507
60, 18, (-1, 0), "count = ", 1508
60, 111, (-1, 0), "count = ", 1509
60, 123, (-1, 0), "count = ", 1510
60, 136, (-1, 0), "count = ", 1511
61, 99, (-1, 0), "count = ", 1512
62, 13, (-1, 0), "count = ", 1513
62, 54, (-1, 0), "count = ", 1514
63, 52, (-1, 0), "count = ", 1515
63, 98, (-1, 0), "count = ", 1516
63, 118, (-1, 0), "count = ", 1517
65, 25, (-1, 0), "count = ", 1518
66, 12, (-1, 0), "count = ", 1519
66, 14, (-1, 0), "count = ", 1520
67, 108, (-1, 0), "count = ", 1521
68, 110, (-1, 0), "count = ", 1522
68, 132, (-1, 0), "count = ", 1523
70, 14, (-1, 0), "count = ", 1524
72, 71, (-1, 0), "count = ", 1525
73, 18, (-1, 0), "count = ", 1526
73, 20, (-1, 0), "count = ", 1527
73, 58, (-1, 0), "count = ", 1528
73, 77, (-1, 0), "count = ", 1529
73, 133, (-1, 0), "count = ", 1530
74, 3, (-1, 0), "count = ", 1531
74, 122, (-1, 0), "count = ", 1532
75, 36, (-1, 0), "count = ", 1533
75, 113, (-1, 0), "count = ", 1534
76, 12, (-1, 0), "count = ", 1535
77, 47, (-1, 0), "count = ", 1536
77, 135, (-1, 0), "count = ", 1537
78, 42, (-1, 0), "count = ", 1538
78, 95, (-1, 0), "count = ", 1539
79, 93, (-1, 0), "count = ", 1540
79, 97, (-1, 0), "count = ", 1541
80, 28, (-1, 0), "count = ", 1542
80, 53, (-1, 0), "count = ", 1543
81, 34, (-1, 0), "count = ", 1544
81, 70, (-1, 0), "count = ", 1545
81, 102, (-1, 0), "count = ", 1546
81, 104, (-1, 0), "count = ", 1547
82, 1, (-1, 0), "count = ", 1548
82, 84, (-1, 0), "count = ", 1549
82, 113, (-1, 0), "count = ", 1550
84, 62, (-1, 0), "count = ", 1551
84, 63, (-1, 0), "count = ", 1552
84, 75, (-1, 0), "count = ", 1553
84, 130, (-1, 0), "count = ", 1554
85, 43, (-1, 0), "count = ", 1555
87, 70, (-1, 0), "count = ", 1556
87, 129, (-1, 0), "count = ", 1557
88, 17, (-1, 0), "count = ", 1558
89, 67, (-1, 0), "count = ", 1559
89, 112, (-1, 0), "count = ", 1560
89, 119, (-1, 0), "count = ", 1561
90, 1, (-1, 0), "count = ", 1562
90, 14, (-1, 0), "count = ", 1563
92, 2, (-1, 0), "count = ", 1564
92, 17, (-1, 0), "count = ", 1565
93, 50, (-1, 0), "count = ", 1566
93, 59, (-1, 0), "count = ", 1567
93, 108, (-1, 0), "count = ", 1568
93, 131, (-1, 0), "count = ", 1569
94, 114, (-1, 0), "count = ", 1570
95, 23, (-1, 0), "count = ", 1571
95, 49, (-1, 0), "count = ", 1572
95, 99, (-1, 0), "count = ", 1573
96, 115, (-1, 0), "count = ", 1574
96, 117, (-1, 0), "count = ", 1575
97, 93, (-1, 0), "count = ", 1576
98, 40, (-1, 0), "count = ", 1577
99, 82, (-1, 0), "count = ", 1578
99, 109, (-1, 0), "count = ", 1579
99, 116, (-1, 0), "count = ", 1580
100, 27, (-1, 0), "count = ", 1581
101, 117, (-1, 0), "count = ", 1582
102, 42, (-1, 0), "count = ", 1583
102, 52, (-1, 0), "count = ", 1584
103, 64, (-1, 0), "count = ", 1585
103, 105, (-1, 0), "count = ", 1586
104, 1, (-1, 0), "count = ", 1587
104, 58, (-1, 0), "count = ", 1588
104, 88, (-1, 0), "count = ", 1589
104, 139, (-1, 0), "count = ", 1590
105, 20, (-1, 0), "count = ", 1591
105, 46, (-1, 0), "count = ", 1592
105, 113, (-1, 0), "count = ", 1593
107, 74, (-1, 0), "count = ", 1594
107, 137, (-1, 0), "count = ", 1595
108, 94, (-1, 0), "count = ", 1596
111, 138, (-1, 0), "count = ", 1597
111, 140, (-1, 0), "count = ", 1598
112, 60, (-1, 0), "count = ", 1599
112, 70, (-1, 0), "count = ", 1600
113, 1, (-1, 0), "count = ", 1601
113, 66, (-1, 0), "count = ", 1602
114, 99, (-1, 0), "count = ", 1603
116, 39, (-1, 0), "count = ", 1604
116, 75, (-1, 0), "count = ", 1605
117, 122, (-1, 0), "count = ", 1606
118, 76, (-1, 0), "count = ", 1607
118, 119, (-1, 0), "count = ", 1608
118, 120, (-1, 0), "count = ", 1609
121, 111, (-1, 0), "count = ", 1610
124, 36, (-1, 0), "count = ", 1611
125, 131, (-1, 0), "count = ", 1612
126, 43, (-1, 0), "count = ", 1613
127, 24, (-1, 0), "count = ", 1614
127, 83, (-1, 0), "count = ", 1615
127, 93, (-1, 0), "count = ", 1616
127, 136, (-1, 0), "count = ", 1617
128, 38, (-1, 0), "count = ", 1618
129, 13, (-1, 0), "count = ", 1619
129, 106, (-1, 0), "count = ", 1620
130, 15, (-1, 0), "count = ", 1621
130, 50, (-1, 0), "count = ", 1622
131, 10, (-1, 0), "count = ", 1623
131, 99, (-1, 0), "count = ", 1624
135, 15, (-1, 0), "count = ", 1625
135, 103, (-1, 0), "count = ", 1626
135, 120, (-1, 0), "count = ", 1627
135, 140, (-1, 0), "count = ", 1628
136, 3, (-1, 0), "count = ", 1629
136, 93, (-1, 0), "count = ", 1630
136, 114, (-1, 0), "count = ", 1631
137, 43, (-1, 0), "count = ", 1632
137, 87, (-1, 0), "count = ", 1633
137, 119, (-1, 0), "count = ", 1634
137, 133, (-1, 0), "count = ", 1635
138, 6, (-1, 0), "count = ", 1636
138, 98, (-1, 0), "count = ", 1637
139, 129, (-1, 0), "count = ", 1638
0, 48, (-1, 1), "count = ", 1639
0, 63, (-1, 1), "count = ", 1640
0, 65, (-1, 1), "count = ", 1641
0, 97, (-1, 1), "count = ", 1642
0, 109, (-1, 1), "count = ", 1643
0, 113, (-1, 1), "count = ", 1644
1, 40, (-1, 1), "count = ", 1645
1, 125, (-1, 1), "count = ", 1646
3, 65, (-1, 1), "count = ", 1647
3, 70, (-1, 1), "count = ", 1648
3, 80, (-1, 1), "count = ", 1649
3, 122, (-1, 1), "count = ", 1650
3, 125, (-1, 1), "count = ", 1651
4, 24, (-1, 1), "count = ", 1652
4, 27, (-1, 1), "count = ", 1653
4, 40, (-1, 1), "count = ", 1654
4, 61, (-1, 1), "count = ", 1655
4, 98, (-1, 1), "count = ", 1656
4, 131, (-1, 1), "count = ", 1657
4, 135, (-1, 1), "count = ", 1658
5, 13, (-1, 1), "count = ", 1659
5, 135, (-1, 1), "count = ", 1660
6, 52, (-1, 1), "count = ", 1661
7, 59, (-1, 1), "count = ", 1662
8, 21, (-1, 1), "count = ", 1663
8, 40, (-1, 1), "count = ", 1664
8, 51, (-1, 1), "count = ", 1665
8, 56, (-1, 1), "count = ", 1666
8, 88, (-1, 1), "count = ", 1667
8, 98, (-1, 1), "count = ", 1668
8, 133, (-1, 1), "count = ", 1669
9, 3, (-1, 1), "count = ", 1670
9, 10, (-1, 1), "count = ", 1671
9, 37, (-1, 1), "count = ", 1672
9, 117, (-1, 1), "count = ", 1673
10, 51, (-1, 1), "count = ", 1674
10, 119, (-1, 1), "count = ", 1675
10, 126, (-1, 1), "count = ", 1676
11, 117, (-1, 1), "count = ", 1677
12, 61, (-1, 1), "count = ", 1678
12, 76, (-1, 1), "count = ", 1679
12, 82, (-1, 1), "count = ", 1680
12, 99, (-1, 1), "count = ", 1681
12, 121, (-1, 1), "count = ", 1682
13, 12, (-1, 1), "count = ", 1683
13, 13, (-1, 1), "count = ", 1684
13, 25, (-1, 1), "count = ", 1685
13, 99, (-1, 1), "count = ", 1686
14, 1, (-1, 1), "count = ", 1687
14, 43, (-1, 1), "count = ", 1688
14, 71, (-1, 1), "count = ", 1689
14, 76, (-1, 1), "count = ", 1690
14, 95, (-1, 1), "count = ", 1691
15, 7, (-1, 1), "count = ", 1692
15, 32, (-1, 1), "count = ", 1693
15, 46, (-1, 1), "count = ", 1694
16, 18, (-1, 1), "count = ", 1695
16, 19, (-1, 1), "count = ", 1696
16, 23, (-1, 1), "count = ", 1697
16, 37, (-1, 1), "count = ", 1698
16, 90, (-1, 1), "count = ", 1699
16, 92, (-1, 1), "count = ", 1700
16, 129, (-1, 1), "count = ", 1701
17, 60, (-1, 1), "count = ", 1702
17, 135, (-1, 1), "count = ", 1703
17, 137, (-1, 1), "count = ", 1704
18, 1, (-1, 1), "count = ", 1705
18, 40, (-1, 1), "count = ", 1706
18, 113, (-1, 1), "count = ", 1707
18, 114, (-1, 1), "count = ", 1708
18, 115, (-1, 1), "count = ", 1709
18, 128, (-1, 1), "count = ", 1710
19, 62, (-1, 1), "count = ", 1711
19, 83, (-1, 1), "count = ", 1712
19, 101, (-1, 1), "count = ", 1713
19, 122, (-1, 1), "count = ", 1714
20, 1, (-1, 1), "count = ", 1715
20, 137, (-1, 1), "count = ", 1716
21, 4, (-1, 1), "count = ", 1717
21, 7, (-1, 1), "count = ", 1718
21, 107, (-1, 1), "count = ", 1719
23, 1, (-1, 1), "count = ", 1720
23, 31, (-1, 1), "count = ", 1721
23, 41, (-1, 1), "count = ", 1722
23, 45, (-1, 1), "count = ", 1723
23, 107, (-1, 1), "count = ", 1724
24, 9, (-1, 1), "count = ", 1725
24, 12, (-1, 1), "count = ", 1726
24, 26, (-1, 1), "count = ", 1727
24, 68, (-1, 1), "count = ", 1728
24, 133, (-1, 1), "count = ", 1729
25, 2, (-1, 1), "count = ", 1730
25, 7, (-1, 1), "count = ", 1731
25, 19, (-1, 1), "count = ", 1732
25, 30, (-1, 1), "count = ", 1733
25, 79, (-1, 1), "count = ", 1734
25, 85, (-1, 1), "count = ", 1735
25, 123, (-1, 1), "count = ", 1736
25, 129, (-1, 1), "count = ", 1737
26, 107, (-1, 1), "count = ", 1738
27, 63, (-1, 1), "count = ", 1739
27, 78, (-1, 1), "count = ", 1740
27, 109, (-1, 1), "count = ", 1741
27, 113, (-1, 1), "count = ", 1742
27, 114, (-1, 1), "count = ", 1743
27, 116, (-1, 1), "count = ", 1744
27, 128, (-1, 1), "count = ", 1745
28, 3, (-1, 1), "count = ", 1746
28, 101, (-1, 1), "count = ", 1747
28, 102, (-1, 1), "count = ", 1748
29, 5, (-1, 1), "count = ", 1749
29, 7, (-1, 1), "count = ", 1750
29, 47, (-1, 1), "count = ", 1751
29, 66, (-1, 1), "count = ", 1752
29, 94, (-1, 1), "count = ", 1753
29, 109, (-1, 1), "count = ", 1754
30, 19, (-1, 1), "count = ", 1755
30, 64, (-1, 1), "count = ", 1756
30, 68, (-1, 1), "count = ", 1757
31, 1, (-1, 1), "count = ", 1758
31, 44, (-1, 1), "count = ", 1759
31, 51, (-1, 1), "count = ", 1760
31, 55, (-1, 1), "count = ", 1761
31, 81, (-1, 1), "count = ", 1762
32, 77, (-1, 1), "count = ", 1763
32, 137, (-1, 1), "count = ", 1764
33, 27, (-1, 1), "count = ", 1765
33, 29, (-1, 1), "count = ", 1766
33, 101, (-1, 1), "count = ", 1767
34, 77, (-1, 1), "count = ", 1768
34, 93, (-1, 1), "count = ", 1769
34, 126, (-1, 1), "count = ", 1770
34, 137, (-1, 1), "count = ", 1771
35, 7, (-1, 1), "count = ", 1772
35, 36, (-1, 1), "count = ", 1773
35, 91, (-1, 1), "count = ", 1774
35, 105, (-1, 1), "count = ", 1775
35, 135, (-1, 1), "count = ", 1776
36, 50, (-1, 1), "count = ", 1777
36, 116, (-1, 1), "count = ", 1778
36, 122, (-1, 1), "count = ", 1779
36, 125, (-1, 1), "count = ", 1780
36, 137, (-1, 1), "count = ", 1781
37, 65, (-1, 1), "count = ", 1782
37, 77, (-1, 1), "count = ", 1783
37, 102, (-1, 1), "count = ", 1784
37, 118, (-1, 1), "count = ", 1785
38, 1, (-1, 1), "count = ", 1786
38, 39, (-1, 1), "count = ", 1787
39, 79, (-1, 1), "count = ", 1788
39, 82, (-1, 1), "count = ", 1789
39, 118, (-1, 1), "count = ", 1790
39, 127, (-1, 1), "count = ", 1791
39, 129, (-1, 1), "count = ", 1792
40, 10, (-1, 1), "count = ", 1793
40, 14, (-1, 1), "count = ", 1794
41, 48, (-1, 1), "count = ", 1795
41, 49, (-1, 1), "count = ", 1796
41, 61, (-1, 1), "count = ", 1797
41, 123, (-1, 1), "count = ", 1798
42, 7, (-1, 1), "count = ", 1799
42, 10, (-1, 1), "count = ", 1800
42, 20, (-1, 1), "count = ", 1801
42, 24, (-1, 1), "count = ", 1802
42, 111, (-1, 1), "count = ", 1803
42, 114, (-1, 1), "count = ", 1804
43, 81, (-1, 1), "count = ", 1805
43, 99, (-1, 1), "count = ", 1806
43, 107, (-1, 1), "count = ", 1807
44, 17, (-1, 1), "count = ", 1808
44, 61, (-1, 1), "count = ", 1809
44, 67, (-1, 1), "count = ", 1810
45, 87, (-1, 1), "count = ", 1811
45, 91, (-1, 1), "count = ", 1812
45, 93, (-1, 1), "count = ", 1813
46, 7, (-1, 1), "count = ", 1814
46, 19, (-1, 1), "count = ", 1815
46, 52, (-1, 1), "count = ", 1816
46, 110, (-1, 1), "count = ", 1817
47, 13, (-1, 1), "count = ", 1818
47, 29, (-1, 1), "count = ", 1819
48, 39, (-1, 1), "count = ", 1820
48, 41, (-1, 1), "count = ", 1821
48, 81, (-1, 1), "count = ", 1822
48, 83, (-1, 1), "count = ", 1823
48, 97, (-1, 1), "count = ", 1824
50, 8, (-1, 1), "count = ", 1825
50, 65, (-1, 1), "count = ", 1826
50, 80, (-1, 1), "count = ", 1827
50, 99, (-1, 1), "count = ", 1828
50, 129, (-1, 1), "count = ", 1829
52, 4, (-1, 1), "count = ", 1830
52, 23, (-1, 1), "count = ", 1831
52, 29, (-1, 1), "count = ", 1832
52, 62, (-1, 1), "count = ", 1833
52, 64, (-1, 1), "count = ", 1834
52, 128, (-1, 1), "count = ", 1835
53, 72, (-1, 1), "count = ", 1836
53, 104, (-1, 1), "count = ", 1837
53, 137, (-1, 1), "count = ", 1838
54, 8, (-1, 1), "count = ", 1839
54, 63, (-1, 1), "count = ", 1840
54, 123, (-1, 1), "count = ", 1841
54, 132, (-1, 1), "count = ", 1842
55, 39, (-1, 1), "count = ", 1843
55, 53, (-1, 1), "count = ", 1844
56, 80, (-1, 1), "count = ", 1845
57, 76, (-1, 1), "count = ", 1846
58, 57, (-1, 1), "count = ", 1847
58, 62, (-1, 1), "count = ", 1848
58, 66, (-1, 1), "count = ", 1849
59, 90, (-1, 1), "count = ", 1850
60, 5, (-1, 1), "count = ", 1851
60, 11, (-1, 1), "count = ", 1852
60, 24, (-1, 1), "count = ", 1853
60, 33, (-1, 1), "count = ", 1854
60, 41, (-1, 1), "count = ", 1855
60, 126, (-1, 1), "count = ", 1856
62, 14, (-1, 1), "count = ", 1857
62, 38, (-1, 1), "count = ", 1858
62, 137, (-1, 1), "count = ", 1859
63, 95, (-1, 1), "count = ", 1860
64, 15, (-1, 1), "count = ", 1861
64, 69, (-1, 1), "count = ", 1862
64, 107, (-1, 1), "count = ", 1863
64, 125, (-1, 1), "count = ", 1864
65, 64, (-1, 1), "count = ", 1865
65, 100, (-1, 1), "count = ", 1866
65, 127, (-1, 1), "count = ", 1867
65, 137, (-1, 1), "count = ", 1868
66, 5, (-1, 1), "count = ", 1869
66, 31, (-1, 1), "count = ", 1870
66, 51, (-1, 1), "count = ", 1871
67, 45, (-1, 1), "count = ", 1872
67, 47, (-1, 1), "count = ", 1873
67, 63, (-1, 1), "count = ", 1874
67, 113, (-1, 1), "count = ", 1875
67, 133, (-1, 1), "count = ", 1876
67, 137, (-1, 1), "count = ", 1877
68, 39, (-1, 1), "count = ", 1878
68, 96, (-1, 1), "count = ", 1879
68, 111, (-1, 1), "count = ", 1880
69, 63, (-1, 1), "count = ", 1881
70, 9, (-1, 1), "count = ", 1882
70, 137, (-1, 1), "count = ", 1883
71, 39, (-1, 1), "count = ", 1884
71, 55, (-1, 1), "count = ", 1885
71, 59, (-1, 1), "count = ", 1886
72, 63, (-1, 1), "count = ", 1887
73, 27, (-1, 1), "count = ", 1888
73, 89, (-1, 1), "count = ", 1889
73, 90, (-1, 1), "count = ", 1890
73, 93, (-1, 1), "count = ", 1891
74, 13, (-1, 1), "count = ", 1892
74, 21, (-1, 1), "count = ", 1893
75, 23, (-1, 1), "count = ", 1894
75, 37, (-1, 1), "count = ", 1895
77, 32, (-1, 1), "count = ", 1896
77, 85, (-1, 1), "count = ", 1897
77, 127, (-1, 1), "count = ", 1898
77, 136, (-1, 1), "count = ", 1899
78, 15, (-1, 1), "count = ", 1900
78, 62, (-1, 1), "count = ", 1901
78, 120, (-1, 1), "count = ", 1902
79, 37, (-1, 1), "count = ", 1903
79, 124, (-1, 1), "count = ", 1904
80, 19, (-1, 1), "count = ", 1905
80, 54, (-1, 1), "count = ", 1906
81, 46, (-1, 1), "count = ", 1907
81, 105, (-1, 1), "count = ", 1908
81, 128, (-1, 1), "count = ", 1909
81, 136, (-1, 1), "count = ", 1910
82, 19, (-1, 1), "count = ", 1911
82, 64, (-1, 1), "count = ", 1912
82, 87, (-1, 1), "count = ", 1913
83, 9, (-1, 1), "count = ", 1914
83, 14, (-1, 1), "count = ", 1915
83, 93, (-1, 1), "count = ", 1916
83, 124, (-1, 1), "count = ", 1917
84, 60, (-1, 1), "count = ", 1918
84, 63, (-1, 1), "count = ", 1919
84, 66, (-1, 1), "count = ", 1920
84, 75, (-1, 1), "count = ", 1921
85, 11, (-1, 1), "count = ", 1922
85, 13, (-1, 1), "count = ", 1923
86, 31, (-1, 1), "count = ", 1924
87, 7, (-1, 1), "count = ", 1925
87, 25, (-1, 1), "count = ", 1926
87, 34, (-1, 1), "count = ", 1927
87, 70, (-1, 1), "count = ", 1928
87, 71, (-1, 1), "count = ", 1929
87, 76, (-1, 1), "count = ", 1930
87, 128, (-1, 1), "count = ", 1931
87, 131, (-1, 1), "count = ", 1932
87, 135, (-1, 1), "count = ", 1933
88, 16, (-1, 1), "count = ", 1934
88, 20, (-1, 1), "count = ", 1935
88, 27, (-1, 1), "count = ", 1936
88, 82, (-1, 1), "count = ", 1937
88, 100, (-1, 1), "count = ", 1938
89, 34, (-1, 1), "count = ", 1939
89, 107, (-1, 1), "count = ", 1940
89, 119, (-1, 1), "count = ", 1941
90, 13, (-1, 1), "count = ", 1942
90, 85, (-1, 1), "count = ", 1943
91, 52, (-1, 1), "count = ", 1944
91, 92, (-1, 1), "count = ", 1945
91, 104, (-1, 1), "count = ", 1946
91, 124, (-1, 1), "count = ", 1947
91, 128, (-1, 1), "count = ", 1948
92, 36, (-1, 1), "count = ", 1949
93, 100, (-1, 1), "count = ", 1950
94, 66, (-1, 1), "count = ", 1951
94, 112, (-1, 1), "count = ", 1952
95, 17, (-1, 1), "count = ", 1953
95, 49, (-1, 1), "count = ", 1954
95, 109, (-1, 1), "count = ", 1955
96, 114, (-1, 1), "count = ", 1956
96, 137, (-1, 1), "count = ", 1957
98, 35, (-1, 1), "count = ", 1958
98, 88, (-1, 1), "count = ", 1959
98, 124, (-1, 1), "count = ", 1960
99, 14, (-1, 1), "count = ", 1961
99, 57, (-1, 1), "count = ", 1962
99, 77, (-1, 1), "count = ", 1963
99, 110, (-1, 1), "count = ", 1964
99, 132, (-1, 1), "count = ", 1965
99, 133, (-1, 1), "count = ", 1966
100, 40, (-1, 1), "count = ", 1967
100, 85, (-1, 1), "count = ", 1968
101, 7, (-1, 1), "count = ", 1969
101, 118, (-1, 1), "count = ", 1970
102, 19, (-1, 1), "count = ", 1971
102, 32, (-1, 1), "count = ", 1972
102, 42, (-1, 1), "count = ", 1973
102, 75, (-1, 1), "count = ", 1974
102, 77, (-1, 1), "count = ", 1975
102, 90, (-1, 1), "count = ", 1976
102, 97, (-1, 1), "count = ", 1977
103, 28, (-1, 1), "count = ", 1978
103, 65, (-1, 1), "count = ", 1979
103, 111, (-1, 1), "count = ", 1980
103, 126, (-1, 1), "count = ", 1981
104, 83, (-1, 1), "count = ", 1982
104, 85, (-1, 1), "count = ", 1983
104, 116, (-1, 1), "count = ", 1984
105, 21, (-1, 1), "count = ", 1985
105, 46, (-1, 1), "count = ", 1986
106, 6, (-1, 1), "count = ", 1987
107, 22, (-1, 1), "count = ", 1988
107, 75, (-1, 1), "count = ", 1989
107, 126, (-1, 1), "count = ", 1990
107, 137, (-1, 1), "count = ", 1991
108, 24, (-1, 1), "count = ", 1992
108, 28, (-1, 1), "count = ", 1993
108, 87, (-1, 1), "count = ", 1994
109, 48, (-1, 1), "count = ", 1995
109, 50, (-1, 1), "count = ", 1996
109, 52, (-1, 1), "count = ", 1997
110, 29, (-1, 1), "count = ", 1998
110, 46, (-1, 1), "count = ", 1999
110, 93, (-1, 1), "count = ", 2000
110, 106, (-1, 1), "count = ", 2001
110, 121, (-1, 1), "count = ", 2002
110, 131, (-1, 1), "count = ", 2003
111, 13, (-1, 1), "count = ", 2004
111, 37, (-1, 1), "count = ", 2005
111, 106, (-1, 1), "count = ", 2006
113, 16, (-1, 1), "count = ", 2007
113, 77, (-1, 1), "count = ", 2008
113, 124, (-1, 1), "count = ", 2009
114, 81, (-1, 1), "count = ", 2010
114, 85, (-1, 1), "count = ", 2011
114, 88, (-1, 1), "count = ", 2012
115, 133, (-1, 1), "count = ", 2013
116, 36, (-1, 1), "count = ", 2014
116, 89, (-1, 1), "count = ", 2015
116, 109, (-1, 1), "count = ", 2016
117, 10, (-1, 1), "count = ", 2017
117, 58, (-1, 1), "count = ", 2018
117, 112, (-1, 1), "count = ", 2019
118, 23, (-1, 1), "count = ", 2020
118, 41, (-1, 1), "count = ", 2021
118, 74, (-1, 1), "count = ", 2022
118, 94, (-1, 1), "count = ", 2023
119, 62, (-1, 1), "count = ", 2024
119, 65, (-1, 1), "count = ", 2025
119, 107, (-1, 1), "count = ", 2026
119, 112, (-1, 1), "count = ", 2027
120, 132, (-1, 1), "count = ", 2028
120, 137, (-1, 1), "count = ", 2029
121, 103, (-1, 1), "count = ", 2030
121, 108, (-1, 1), "count = ", 2031
121, 119, (-1, 1), "count = ", 2032
122, 12, (-1, 1), "count = ", 2033
122, 34, (-1, 1), "count = ", 2034
122, 51, (-1, 1), "count = ", 2035
122, 65, (-1, 1), "count = ", 2036
122, 74, (-1, 1), "count = ", 2037
122, 92, (-1, 1), "count = ", 2038
123, 125, (-1, 1), "count = ", 2039
123, 137, (-1, 1), "count = ", 2040
124, 59, (-1, 1), "count = ", 2041
125, 14, (-1, 1), "count = ", 2042
125, 131, (-1, 1), "count = ", 2043
126, 39, (-1, 1), "count = ", 2044
126, 43, (-1, 1), "count = ", 2045
126, 73, (-1, 1), "count = ", 2046
127, 10, (-1, 1), "count = ", 2047
127, 16, (-1, 1), "count = ", 2048
127, 80, (-1, 1), "count = ", 2049
127, 92, (-1, 1), "count = ", 2050
127, 133, (-1, 1), "count = ", 2051
128, 16, (-1, 1), "count = ", 2052
128, 39, (-1, 1), "count = ", 2053
128, 117, (-1, 1), "count = ", 2054
129, 42, (-1, 1), "count = ", 2055
129, 52, (-1, 1), "count = ", 2056
129, 101, (-1, 1), "count = ", 2057
130, 26, (-1, 1), "count = ", 2058
130, 134, (-1, 1), "count = ", 2059
131, 126, (-1, 1), "count = ", 2060
132, 22, (-1, 1), "count = ", 2061
132, 73, (-1, 1), "count = ", 2062
132, 109, (-1, 1), "count = ", 2063
133, 10, (-1, 1), "count = ", 2064
133, 39, (-1, 1), "count = ", 2065
133, 99, (-1, 1), "count = ", 2066
134, 22, (-1, 1), "count = ", 2067
134, 68, (-1, 1), "count = ", 2068
134, 128, (-1, 1), "count = ", 2069
135, 20, (-1, 1), "count = ", 2070
135, 79, (-1, 1), "count = ", 2071
135, 80, (-1, 1), "count = ", 2072
135, 99, (-1, 1), "count = ", 2073
135, 100, (-1, 1), "count = ", 2074
135, 131, (-1, 1), "count = ", 2075
136, 32, (-1, 1), "count = ", 2076
136, 92, (-1, 1), "count = ", 2077
138, 134, (-1, 1), "count = ", 2078
139, 6, (-1, 1), "count = ", 2079
139, 83, (-1, 1), "count = ", 2080
0, 34, (-1, -1), "count = ", 2081
0, 64, (-1, -1), "count = ", 2082
0, 109, (-1, -1), "count = ", 2083
0, 115, (-1, -1), "count = ", 2084
3, 80, (-1, -1), "count = ", 2085
3, 84, (-1, -1), "count = ", 2086
3, 92, (-1, -1), "count = ", 2087
3, 113, (-1, -1), "count = ", 2088
4, 5, (-1, -1), "count = ", 2089
4, 37, (-1, -1), "count = ", 2090
4, 98, (-1, -1), "count = ", 2091
4, 101, (-1, -1), "count = ", 2092
4, 104, (-1, -1), "count = ", 2093
4, 133, (-1, -1), "count = ", 2094
4, 137, (-1, -1), "count = ", 2095
5, 114, (-1, -1), "count = ", 2096
6, 19, (-1, -1), "count = ", 2097
6, 56, (-1, -1), "count = ", 2098
6, 69, (-1, -1), "count = ", 2099
6, 101, (-1, -1), "count = ", 2100
6, 126, (-1, -1), "count = ", 2101
7, 33, (-1, -1), "count = ", 2102
7, 67, (-1, -1), "count = ", 2103
8, 25, (-1, -1), "count = ", 2104
8, 47, (-1, -1), "count = ", 2105
8, 57, (-1, -1), "count = ", 2106
8, 61, (-1, -1), "count = ", 2107
8, 82, (-1, -1), "count = ", 2108
9, 7, (-1, -1), "count = ", 2109
9, 17, (-1, -1), "count = ", 2110
9, 39, (-1, -1), "count = ", 2111
9, 88, (-1, -1), "count = ", 2112
9, 123, (-1, -1), "count = ", 2113
10, 61, (-1, -1), "count = ", 2114
10, 83, (-1, -1), "count = ", 2115
11, 139, (-1, -1), "count = ", 2116
12, 61, (-1, -1), "count = ", 2117
12, 82, (-1, -1), "count = ", 2118
12, 103, (-1, -1), "count = ", 2119
12, 108, (-1, -1), "count = ", 2120
12, 125, (-1, -1), "count = ", 2121
12, 135, (-1, -1), "count = ", 2122
13, 13, (-1, -1), "count = ", 2123
13, 71, (-1, -1), "count = ", 2124
13, 134, (-1, -1), "count = ", 2125
14, 40, (-1, -1), "count = ", 2126
14, 69, (-1, -1), "count = ", 2127
14, 73, (-1, -1), "count = ", 2128
14, 76, (-1, -1), "count = ", 2129
15, 36, (-1, -1), "count = ", 2130
16, 27, (-1, -1), "count = ", 2131
16, 43, (-1, -1), "count = ", 2132
16, 54, (-1, -1), "count = ", 2133
16, 82, (-1, -1), "count = ", 2134
16, 92, (-1, -1), "count = ", 2135
17, 37, (-1, -1), "count = ", 2136
17, 62, (-1, -1), "count = ", 2137
17, 63, (-1, -1), "count = ", 2138
18, 16, (-1, -1), "count = ", 2139
18, 75, (-1, -1), "count = ", 2140
18, 103, (-1, -1), "count = ", 2141
19, 52, (-1, -1), "count = ", 2142
19, 98, (-1, -1), "count = ", 2143
19, 126, (-1, -1), "count = ", 2144
20, 16, (-1, -1), "count = ", 2145
20, 27, (-1, -1), "count = ", 2146
20, 43, (-1, -1), "count = ", 2147
20, 137, (-1, -1), "count = ", 2148
21, 21, (-1, -1), "count = ", 2149
21, 65, (-1, -1), "count = ", 2150
21, 68, (-1, -1), "count = ", 2151
21, 75, (-1, -1), "count = ", 2152
22, 20, (-1, -1), "count = ", 2153
22, 37, (-1, -1), "count = ", 2154
23, 35, (-1, -1), "count = ", 2155
23, 45, (-1, -1), "count = ", 2156
23, 86, (-1, -1), "count = ", 2157
23, 128, (-1, -1), "count = ", 2158
24, 118, (-1, -1), "count = ", 2159
25, 79, (-1, -1), "count = ", 2160
25, 85, (-1, -1), "count = ", 2161
25, 125, (-1, -1), "count = ", 2162
25, 131, (-1, -1), "count = ", 2163
26, 19, (-1, -1), "count = ", 2164
26, 42, (-1, -1), "count = ", 2165
26, 45, (-1, -1), "count = ", 2166
26, 113, (-1, -1), "count = ", 2167
27, 28, (-1, -1), "count = ", 2168
27, 95, (-1, -1), "count = ", 2169
27, 130, (-1, -1), "count = ", 2170
28, 78, (-1, -1), "count = ", 2171
28, 107, (-1, -1), "count = ", 2172
28, 108, (-1, -1), "count = ", 2173
29, 94, (-1, -1), "count = ", 2174
30, 46, (-1, -1), "count = ", 2175
30, 78, (-1, -1), "count = ", 2176
30, 111, (-1, -1), "count = ", 2177
30, 113, (-1, -1), "count = ", 2178
31, 13, (-1, -1), "count = ", 2179
31, 44, (-1, -1), "count = ", 2180
31, 55, (-1, -1), "count = ", 2181
33, 27, (-1, -1), "count = ", 2182
33, 58, (-1, -1), "count = ", 2183
33, 105, (-1, -1), "count = ", 2184
34, 77, (-1, -1), "count = ", 2185
34, 132, (-1, -1), "count = ", 2186
35, 88, (-1, -1), "count = ", 2187
35, 91, (-1, -1), "count = ", 2188
35, 95, (-1, -1), "count = ", 2189
35, 97, (-1, -1), "count = ", 2190
36, 50, (-1, -1), "count = ", 2191
36, 52, (-1, -1), "count = ", 2192
36, 122, (-1, -1), "count = ", 2193
37, 71, (-1, -1), "count = ", 2194
37, 88, (-1, -1), "count = ", 2195
37, 91, (-1, -1), "count = ", 2196
37, 124, (-1, -1), "count = ", 2197
38, 55, (-1, -1), "count = ", 2198
38, 65, (-1, -1), "count = ", 2199
38, 95, (-1, -1), "count = ", 2200
38, 97, (-1, -1), "count = ", 2201
38, 114, (-1, -1), "count = ", 2202
39, 72, (-1, -1), "count = ", 2203
39, 97, (-1, -1), "count = ", 2204
39, 101, (-1, -1), "count = ", 2205
39, 131, (-1, -1), "count = ", 2206
40, 4, (-1, -1), "count = ", 2207
40, 20, (-1, -1), "count = ", 2208
40, 101, (-1, -1), "count = ", 2209
41, 46, (-1, -1), "count = ", 2210
41, 80, (-1, -1), "count = ", 2211
41, 82, (-1, -1), "count = ", 2212
42, 24, (-1, -1), "count = ", 2213
42, 36, (-1, -1), "count = ", 2214
42, 38, (-1, -1), "count = ", 2215
42, 59, (-1, -1), "count = ", 2216
42, 76, (-1, -1), "count = ", 2217
43, 83, (-1, -1), "count = ", 2218
43, 86, (-1, -1), "count = ", 2219
43, 101, (-1, -1), "count = ", 2220
43, 134, (-1, -1), "count = ", 2221
44, 19, (-1, -1), "count = ", 2222
44, 33, (-1, -1), "count = ", 2223
44, 67, (-1, -1), "count = ", 2224
44, 75, (-1, -1), "count = ", 2225
44, 103, (-1, -1), "count = ", 2226
44, 122, (-1, -1), "count = ", 2227
44, 127, (-1, -1), "count = ", 2228
45, 93, (-1, -1), "count = ", 2229
45, 97, (-1, -1), "count = ", 2230
45, 108, (-1, -1), "count = ", 2231
46, 56, (-1, -1), "count = ", 2232
47, 33, (-1, -1), "count = ", 2233
47, 127, (-1, -1), "count = ", 2234
48, 28, (-1, -1), "count = ", 2235
48, 35, (-1, -1), "count = ", 2236
48, 65, (-1, -1), "count = ", 2237
48, 83, (-1, -1), "count = ", 2238
48, 107, (-1, -1), "count = ", 2239
48, 134, (-1, -1), "count = ", 2240
49, 37, (-1, -1), "count = ", 2241
49, 115, (-1, -1), "count = ", 2242
50, 62, (-1, -1), "count = ", 2243
51, 8, (-1, -1), "count = ", 2244
51, 10, (-1, -1), "count = ", 2245
51, 17, (-1, -1), "count = ", 2246
51, 55, (-1, -1), "count = ", 2247
51, 101, (-1, -1), "count = ", 2248
52, 21, (-1, -1), "count = ", 2249
52, 66, (-1, -1), "count = ", 2250
53, 8, (-1, -1), "count = ", 2251
53, 72, (-1, -1), "count = ", 2252
53, 78, (-1, -1), "count = ", 2253
54, 17, (-1, -1), "count = ", 2254
54, 24, (-1, -1), "count = ", 2255
54, 63, (-1, -1), "count = ", 2256
54, 91, (-1, -1), "count = ", 2257
54, 110, (-1, -1), "count = ", 2258
55, 45, (-1, -1), "count = ", 2259
55, 102, (-1, -1), "count = ", 2260
55, 119, (-1, -1), "count = ", 2261
56, 4, (-1, -1), "count = ", 2262
56, 7, (-1, -1), "count = ", 2263
56, 33, (-1, -1), "count = ", 2264
56, 45, (-1, -1), "count = ", 2265
56, 71, (-1, -1), "count = ", 2266
57, 53, (-1, -1), "count = ", 2267
57, 79, (-1, -1), "count = ", 2268
57, 80, (-1, -1), "count = ", 2269
58, 5, (-1, -1), "count = ", 2270
58, 66, (-1, -1), "count = ", 2271
58, 90, (-1, -1), "count = ", 2272
58, 107, (-1, -1), "count = ", 2273
59, 86, (-1, -1), "count = ", 2274
59, 119, (-1, -1), "count = ", 2275
60, 9, (-1, -1), "count = ", 2276
60, 21, (-1, -1), "count = ", 2277
60, 28, (-1, -1), "count = ", 2278
60, 33, (-1, -1), "count = ", 2279
60, 39, (-1, -1), "count = ", 2280
60, 113, (-1, -1), "count = ", 2281
61, 136, (-1, -1), "count = ", 2282
62, 5, (-1, -1), "count = ", 2283
62, 16, (-1, -1), "count = ", 2284
62, 91, (-1, -1), "count = ", 2285
62, 116, (-1, -1), "count = ", 2286
63, 95, (-1, -1), "count = ", 2287
63, 133, (-1, -1), "count = ", 2288
64, 88, (-1, -1), "count = ", 2289
64, 97, (-1, -1), "count = ", 2290
64, 125, (-1, -1), "count = ", 2291
65, 113, (-1, -1), "count = ", 2292
66, 14, (-1, -1), "count = ", 2293
66, 37, (-1, -1), "count = ", 2294
66, 79, (-1, -1), "count = ", 2295
66, 131, (-1, -1), "count = ", 2296
67, 47, (-1, -1), "count = ", 2297
67, 74, (-1, -1), "count = ", 2298
67, 119, (-1, -1), "count = ", 2299
67, 137, (-1, -1), "count = ", 2300
68, 25, (-1, -1), "count = ", 2301
68, 43, (-1, -1), "count = ", 2302
68, 104, (-1, -1), "count = ", 2303
68, 107, (-1, -1), "count = ", 2304
69, 123, (-1, -1), "count = ", 2305
70, 9, (-1, -1), "count = ", 2306
70, 15, (-1, -1), "count = ", 2307
70, 34, (-1, -1), "count = ", 2308
71, 39, (-1, -1), "count = ", 2309
71, 43, (-1, -1), "count = ", 2310
71, 54, (-1, -1), "count = ", 2311
71, 101, (-1, -1), "count = ", 2312
71, 128, (-1, -1), "count = ", 2313
72, 71, (-1, -1), "count = ", 2314
73, 21, (-1, -1), "count = ", 2315
73, 23, (-1, -1), "count = ", 2316
73, 31, (-1, -1), "count = ", 2317
73, 49, (-1, -1), "count = ", 2318
73, 77, (-1, -1), "count = ", 2319
73, 89, (-1, -1), "count = ", 2320
73, 95, (-1, -1), "count = ", 2321
73, 135, (-1, -1), "count = ", 2322
74, 25, (-1, -1), "count = ", 2323
74, 122, (-1, -1), "count = ", 2324
75, 27, (-1, -1), "count = ", 2325
75, 39, (-1, -1), "count = ", 2326
75, 71, (-1, -1), "count = ", 2327
75, 73, (-1, -1), "count = ", 2328
75, 99, (-1, -1), "count = ", 2329
75, 101, (-1, -1), "count = ", 2330
75, 116, (-1, -1), "count = ", 2331
76, 65, (-1, -1), "count = ", 2332
76, 75, (-1, -1), "count = ", 2333
76, 118, (-1, -1), "count = ", 2334
77, 83, (-1, -1), "count = ", 2335
77, 87, (-1, -1), "count = ", 2336
77, 91, (-1, -1), "count = ", 2337
77, 102, (-1, -1), "count = ", 2338
77, 131, (-1, -1), "count = ", 2339
77, 136, (-1, -1), "count = ", 2340
78, 46, (-1, -1), "count = ", 2341
78, 52, (-1, -1), "count = ", 2342
78, 78, (-1, -1), "count = ", 2343
78, 111, (-1, -1), "count = ", 2344
79, 32, (-1, -1), "count = ", 2345
79, 37, (-1, -1), "count = ", 2346
80, 56, (-1, -1), "count = ", 2347
80, 83, (-1, -1), "count = ", 2348
81, 17, (-1, -1), "count = ", 2349
81, 91, (-1, -1), "count = ", 2350
81, 105, (-1, -1), "count = ", 2351
81, 138, (-1, -1), "count = ", 2352
82, 6, (-1, -1), "count = ", 2353
82, 13, (-1, -1), "count = ", 2354
82, 86, (-1, -1), "count = ", 2355
82, 87, (-1, -1), "count = ", 2356
82, 93, (-1, -1), "count = ", 2357
82, 111, (-1, -1), "count = ", 2358
83, 42, (-1, -1), "count = ", 2359
84, 63, (-1, -1), "count = ", 2360
85, 110, (-1, -1), "count = ", 2361
85, 117, (-1, -1), "count = ", 2362
85, 120, (-1, -1), "count = ", 2363
86, 63, (-1, -1), "count = ", 2364
86, 91, (-1, -1), "count = ", 2365
86, 117, (-1, -1), "count = ", 2366
86, 128, (-1, -1), "count = ", 2367
87, 75, (-1, -1), "count = ", 2368
87, 134, (-1, -1), "count = ", 2369
88, 23, (-1, -1), "count = ", 2370
88, 29, (-1, -1), "count = ", 2371
88, 80, (-1, -1), "count = ", 2372
88, 106, (-1, -1), "count = ", 2373
89, 55, (-1, -1), "count = ", 2374
89, 68, (-1, -1), "count = ", 2375
89, 125, (-1, -1), "count = ", 2376
89, 134, (-1, -1), "count = ", 2377
90, 15, (-1, -1), "count = ", 2378
90, 34, (-1, -1), "count = ", 2379
90, 91, (-1, -1), "count = ", 2380
90, 118, (-1, -1), "count = ", 2381
91, 40, (-1, -1), "count = ", 2382
91, 52, (-1, -1), "count = ", 2383
91, 54, (-1, -1), "count = ", 2384
91, 56, (-1, -1), "count = ", 2385
91, 68, (-1, -1), "count = ", 2386
91, 128, (-1, -1), "count = ", 2387
92, 77, (-1, -1), "count = ", 2388
92, 86, (-1, -1), "count = ", 2389
93, 36, (-1, -1), "count = ", 2390
93, 131, (-1, -1), "count = ", 2391
93, 133, (-1, -1), "count = ", 2392
94, 36, (-1, -1), "count = ", 2393
94, 72, (-1, -1), "count = ", 2394
95, 19, (-1, -1), "count = ", 2395
95, 47, (-1, -1), "count = ", 2396
95, 49, (-1, -1), "count = ", 2397
95, 55, (-1, -1), "count = ", 2398
95, 81, (-1, -1), "count = ", 2399
96, 87, (-1, -1), "count = ", 2400
96, 88, (-1, -1), "count = ", 2401
96, 118, (-1, -1), "count = ", 2402
96, 137, (-1, -1), "count = ", 2403
97, 4, (-1, -1), "count = ", 2404
97, 34, (-1, -1), "count = ", 2405
97, 55, (-1, -1), "count = ", 2406
97, 80, (-1, -1), "count = ", 2407
97, 103, (-1, -1), "count = ", 2408
98, 4, (-1, -1), "count = ", 2409
98, 130, (-1, -1), "count = ", 2410
99, 77, (-1, -1), "count = ", 2411
99, 112, (-1, -1), "count = ", 2412
99, 114, (-1, -1), "count = ", 2413
100, 24, (-1, -1), "count = ", 2414
100, 40, (-1, -1), "count = ", 2415
101, 9, (-1, -1), "count = ", 2416
101, 13, (-1, -1), "count = ", 2417
102, 21, (-1, -1), "count = ", 2418
102, 57, (-1, -1), "count = ", 2419
102, 122, (-1, -1), "count = ", 2420
103, 12, (-1, -1), "count = ", 2421
103, 65, (-1, -1), "count = ", 2422
103, 126, (-1, -1), "count = ", 2423
104, 30, (-1, -1), "count = ", 2424
104, 87, (-1, -1), "count = ", 2425
104, 89, (-1, -1), "count = ", 2426
104, 102, (-1, -1), "count = ", 2427
105, 21, (-1, -1), "count = ", 2428
105, 44, (-1, -1), "count = ", 2429
105, 98, (-1, -1), "count = ", 2430
105, 105, (-1, -1), "count = ", 2431
106, 12, (-1, -1), "count = ", 2432
106, 136, (-1, -1), "count = ", 2433
107, 26, (-1, -1), "count = ", 2434
107, 39, (-1, -1), "count = ", 2435
107, 139, (-1, -1), "count = ", 2436
108, 117, (-1, -1), "count = ", 2437
109, 50, (-1, -1), "count = ", 2438
109, 81, (-1, -1), "count = ", 2439
110, 4, (-1, -1), "count = ", 2440
110, 35, (-1, -1), "count = ", 2441
110, 93, (-1, -1), "count = ", 2442
110, 135, (-1, -1), "count = ", 2443
110, 137, (-1, -1), "count = ", 2444
111, 19, (-1, -1), "count = ", 2445
111, 28, (-1, -1), "count = ", 2446
112, 71, (-1, -1), "count = ", 2447
112, 77, (-1, -1), "count = ", 2448
113, 19, (-1, -1), "count = ", 2449
113, 85, (-1, -1), "count = ", 2450
114, 45, (-1, -1), "count = ", 2451
114, 60, (-1, -1), "count = ", 2452
114, 100, (-1, -1), "count = ", 2453
115, 85, (-1, -1), "count = ", 2454
116, 30, (-1, -1), "count = ", 2455
116, 38, (-1, -1), "count = ", 2456
116, 48, (-1, -1), "count = ", 2457
116, 50, (-1, -1), "count = ", 2458
116, 95, (-1, -1), "count = ", 2459
117, 68, (-1, -1), "count = ", 2460
117, 138, (-1, -1), "count = ", 2461
118, 23, (-1, -1), "count = ", 2462
118, 27, (-1, -1), "count = ", 2463
118, 49, (-1, -1), "count = ", 2464
118, 94, (-1, -1), "count = ", 2465
118, 96, (-1, -1), "count = ", 2466
118, 98, (-1, -1), "count = ", 2467
119, 8, (-1, -1), "count = ", 2468
119, 43, (-1, -1), "count = ", 2469
119, 45, (-1, -1), "count = ", 2470
119, 85, (-1, -1), "count = ", 2471
120, 64, (-1, -1), "count = ", 2472
120, 102, (-1, -1), "count = ", 2473
121, 25, (-1, -1), "count = ", 2474
121, 57, (-1, -1), "count = ", 2475
121, 78, (-1, -1), "count = ", 2476
121, 102, (-1, -1), "count = ", 2477
122, 45, (-1, -1), "count = ", 2478
122, 57, (-1, -1), "count = ", 2479
122, 67, (-1, -1), "count = ", 2480
122, 92, (-1, -1), "count = ", 2481
122, 107, (-1, -1), "count = ", 2482
122, 137, (-1, -1), "count = ", 2483
123, 20, (-1, -1), "count = ", 2484
123, 82, (-1, -1), "count = ", 2485
123, 84, (-1, -1), "count = ", 2486
123, 134, (-1, -1), "count = ", 2487
124, 8, (-1, -1), "count = ", 2488
124, 63, (-1, -1), "count = ", 2489
124, 72, (-1, -1), "count = ", 2490
125, 16, (-1, -1), "count = ", 2491
126, 47, (-1, -1), "count = ", 2492
126, 79, (-1, -1), "count = ", 2493
127, 20, (-1, -1), "count = ", 2494
127, 92, (-1, -1), "count = ", 2495
127, 93, (-1, -1), "count = ", 2496
127, 96, (-1, -1), "count = ", 2497
129, 38, (-1, -1), "count = ", 2498
129, 77, (-1, -1), "count = ", 2499
129, 119, (-1, -1), "count = ", 2500
129, 132, (-1, -1), "count = ", 2501
130, 28, (-1, -1), "count = ", 2502
130, 125, (-1, -1), "count = ", 2503
130, 130, (-1, -1), "count = ", 2504
131, 6, (-1, -1), "count = ", 2505
131, 10, (-1, -1), "count = ", 2506
131, 13, (-1, -1), "count = ", 2507
131, 83, (-1, -1), "count = ", 2508
131, 99, (-1, -1), "count = ", 2509
131, 111, (-1, -1), "count = ", 2510
132, 88, (-1, -1), "count = ", 2511
133, 10, (-1, -1), "count = ", 2512
133, 30, (-1, -1), "count = ", 2513
133, 45, (-1, -1), "count = ", 2514
133, 55, (-1, -1), "count = ", 2515
133, 60, (-1, -1), "count = ", 2516
134, 10, (-1, -1), "count = ", 2517
134, 62, (-1, -1), "count = ", 2518
135, 80, (-1, -1), "count = ", 2519
135, 83, (-1, -1), "count = ", 2520
135, 139, (-1, -1), "count = ", 2521
136, 51, (-1, -1), "count = ", 2522
136, 57, (-1, -1), "count = ", 2523
136, 96, (-1, -1), "count = ", 2524
137, 43, (-1, -1), "count = ", 2525
138, 54, (-1, -1), "count = ", 2526
138, 75, (-1, -1), "count = ", 2527
138, 85, (-1, -1), "count = ", 2528
139, 13, (-1, -1), "count = ", 2529
139, 57, (-1, -1), "count = ", 2530
